x_site,y_site,n,slope,intercept,r2
2.1,2.1,134,1.0000000000000002,-1.876363944103168e-15,1
3.1,2.1,131,1.1840782243547159,-0.5705615984223562,0.8707491513519322
5.1_19.3_24.2,2.1,21,1.3247232781409672,-1.9525694859992595,0.8996445174136198
7.1_4.1,2.1,14,0.9504806817427829,0.99143002352056,0.706135824260882
7.2,2.1,27,0.7452272517435904,0.4586733368949665,0.831263598003004
8.1_34.2,2.1,24,1.1090507382514783,-0.9394023055151056,0.9478241251276385
9.1_17.2,2.1,94,0.9759788731326907,0.32885502229363966,0.8020166730420757
9.2,2.1,24,1.2654930959611035,-0.7940444728804689,0.9861437493038817
12.1_5.2,2.1,61,1.0103884004370542,-0.8847085730970243,0.9218230053602443
13.1_33.2,2.1,57,0.6236391811220677,1.1845007417202713,0.5655191281017979
14.1,2.1,45,0.9133158264045116,-0.5125071727425542,0.9441542706034348
15.1,2.1,37,2.834280442121352,-2.986082509362152,0.9481771439536969
18.1_26.1,2.1,118,0.8199217493672025,0.408745014698396,0.9097493840375003
20.1,2.1,60,1.1154595696647363,-1.2929615588706673,0.9311970979264435
20.2,2.1,18,1.0858862522666632,-0.7273995552498608,0.9725104000534823
21.1,2.1,106,0.9780310842166261,-0.6547398843587937,0.9179847892716134
22.1,2.1,44,0.7277960588419954,0.8348366916950742,0.8739330251605203
23.1,2.1,105,0.943111455299677,-0.31181626178388244,0.8964399902914371
24.1_1.2,2.1,96,1.0790827675859165,0.03127085308914897,0.9296399532914766
25.1,2.1,14,1.4865742355927654,-2.466397580537541,0.9246736327870706
27.1,2.1,31,1.2304676339060587,-1.9232559178518505,0.9455786704272018
28.1,2.1,107,0.723541473260396,2.1960165239946083,0.7144809763405466
29.1,2.1,44,0.7860525062979048,0.21962203019570511,0.9042667394313169
30.1_17.1,2.1,34,0.9932572659271992,-0.5470045899090124,0.8581538629580742
31.2,2.1,31,0.765643219391803,0.013430352279837155,0.8926816360000454
32.2,2.1,24,0.8379568983034992,-0.613416049858175,0.916871863537411
34.1_16.1,2.1,21,0.8072835457476999,-0.5114980889958403,0.8854041459991928
35.2,2.1,28,1.0957329784481757,-0.47490835374842766,0.9869774469964222
2.1,3.1,131,0.7353814413962914,1.4002980481891574,0.8707491513519322
3.1,3.1,419,1,1.3884913663162919e-15,1
5.1_19.3_24.2,3.1,138,0.9499206971692022,-0.6115954277689741,0.9225193101778466
7.1_4.1,3.1,45,0.47267680740414203,2.859753119572099,0.6364447550657464
7.2,3.1,71,0.7133506303667946,0.7083176885131256,0.7734377097183528
8.1_34.2,3.1,69,0.783018446305621,0.4075285107390172,0.845822233451449
9.1_17.2,3.1,306,0.7794194486579995,0.4614326959066093,0.8430021110769299
9.2,3.1,55,1.170394811089403,-0.21620397690704563,0.9434741994861907
11.1_32.1_18.2,3.1,10,1.0514050028566213,-0.32770386429430365,0.9624768621264924
12.1_5.2,3.1,183,0.7872039850834983,0.5607478377967885,0.9136366462280872
13.1_33.2,3.1,137,0.33093166458336626,4.650491067975433,0.2496658595845337
14.1,3.1,230,0.7990690135909475,0.20960626916764075,0.9019118842738215
15.1,3.1,126,2.3553922355918506,-1.971202773865585,0.9013849481477769
18.1_26.1,3.1,337,0.6537776567819119,0.985930256867758,0.7960260919430937
20.1,3.1,122,0.8759250917302913,0.15814604538291324,0.9693841616828874
20.2,3.1,62,1.0030470676254324,-0.38308177967756163,0.9472101309604135
21.1,3.1,336,0.8658380814971486,-0.18971396391760972,0.9380509665164477
22.1,3.1,222,0.7122558230831902,0.7601066566004067,0.815790321893344
23.1,3.1,340,0.7023964436822381,0.8792519586533654,0.7618673863723346
24.1_1.2,3.1,286,0.9267249262774556,0.31880336291858785,0.9593729878271633
25.1,3.1,40,1.0326006340198068,-0.22158544609513584,0.9267758536855815
27.1,3.1,64,0.9250952726780012,0.17012333122631831,0.9663064694892836
28.1,3.1,259,0.47226422293825554,4.437053180429941,0.3685932922789152
29.1,3.1,229,0.8177740834654819,-0.23494684923775774,0.8531582188134125
30.1_17.1,3.1,56,0.6180504415005601,1.711265158587134,0.7377152433173179
31.2,3.1,81,0.7654324983463965,0.05895226549879356,0.861482193409766
32.2,3.1,59,0.7985294980919848,-0.15833083398003422,0.9382794856824043
34.1_16.1,3.1,117,0.7012281766595818,1.2080016843200265,0.8713101836254986
35.2,3.1,70,0.9953773017222398,0.010261911777662702,0.965181704068021
2.1,5.1_19.3_24.2,21,0.6791188259906807,1.9232799601695514,0.89964451741362
3.1,5.1_19.3_24.2,138,0.9711540267803269,1.4814896442068164,0.9225193101778466
5.1_19.3_24.2,5.1_19.3_24.2,138,1,-0,1
7.2,5.1_19.3_24.2,23,0.7026851403743406,1.3157721359850574,0.7520421445175188
8.1_34.2,5.1_19.3_24.2,16,0.9703921232177288,0.44898814983899743,0.9243589993495844
9.1_17.2,5.1_19.3_24.2,137,0.8769051809560144,-0.02914165617816452,0.9651344045775708
9.2,5.1_19.3_24.2,20,1.1785924548993223,0.10252592475948895,0.9620102916587713
12.1_5.2,5.1_19.3_24.2,45,0.8239590507871337,1.379169008255731,0.9301622529119561
13.1_33.2,5.1_19.3_24.2,34,0.05162799935752066,10.912528398741632,0.006843446117702375
14.1,5.1_19.3_24.2,138,0.8039278401485503,1.50272406259597,0.9190621084676788
15.1,5.1_19.3_24.2,56,2.2775864818110385,-0.0657653012502274,0.8445694261752537
18.1_26.1,5.1_19.3_24.2,109,0.7824786003720557,0.6838502222198025,0.8426240917528635
20.2,5.1_19.3_24.2,17,1.0143967411474444,0.5522106109459329,0.9209746445504753
21.1,5.1_19.3_24.2,117,0.9476869388756702,0.41614488896913965,0.9763607508579932
22.1,5.1_19.3_24.2,130,0.715959525585409,2.093371077533353,0.8550593402766863
23.1,5.1_19.3_24.2,110,0.92734793499628565,0.13540321749204776,0.8856558534210294
24.1_1.2,5.1_19.3_24.2,100,0.9981481485064486,1.0104784122233166,0.9551682546539536
25.1,5.1_19.3_24.2,24,1.0931243435422981,0.18921521571534813,0.9818357340679279
27.1,5.1_19.3_24.2,17,0.9849876681574307,0.08419404977965274,0.9858500768263696
28.1,5.1_19.3_24.2,47,5.6562098290347,-6.300880173783215,0.9090574259901724
29.1,5.1_19.3_24.2,138,0.8854269994974437,0.2604710721109247,0.9339147244251327
31.2,5.1_19.3_24.2,23,0.894273043712295,-0.32349330201401993,0.9706493242085501
32.2,5.1_19.3_24.2,23,0.8166827110212933,0.06783931120539541,0.9720164679902282
34.1_16.1,5.1_19.3_24.2,67,0.6767222941699871,2.9586338576540863,0.8699785267127357
35.2,5.1_19.3_24.2,23,0.9908799277345656,0.6555222167017007,0.9562813299043335
2.1,7.1_4.1,14,0.7429249618899411,1.732316540208628,0.7061358242608821
3.1,7.1_4.1,45,1.3464691837980984,-0.17066287736939906,0.6364447550657464
7.1_4.1,7.1_4.1,47,1,-0,1
9.1_17.2,7.1_4.1,13,0.7043185189489309,2.874721531868496,0.9374961193423295
12.1_5.2,7.1_4.1,36,0.7020523997388072,1.897913992091258,0.8962278165007741
13.1_33.2,7.1_4.1,34,0.5398906308101719,2.5896929908147444,0.5469949328535427
18.1_26.1,7.1_4.1,32,1.473959346456162,-3.1623638147432733,0.9079751196482315
20.1,7.1_4.1,12,1.0842043225221252,0.05263474476775072,0.7221424342127868
21.1,7.1_4.1,38,0.8959703259527464,0.7402263334019424,0.9317287114978671
23.1,7.1_4.1,42,1.066495927067192,-1.0866878236606308,0.7624943338377744
24.1_1.2,7.1_4.1,43,0.8844612421278956,1.4456486001742133,0.8839488355648685
28.1,7.1_4.1,37,0.8557060896555335,0.5635513977996532,0.8850755023011401
2.1,7.2,27,1.1154498121990521,0.9657316930610542,0.8312635980030041
3.1,7.2,71,1.0842321809131406,1.1815822729233045,0.7734377097183529
5.1_19.3_24.2,7.2,23,1.070240569078897,1.0817256228573333,0.7520421445175186
7.2,7.2,72,1,-0,1
8.1_34.2,7.2,19,1.1451713035012983,-0.7867402392497646,0.9616934072121457
9.1_17.2,7.2,65,0.8799041491564673,0.4722731462205385,0.7945586511240634
9.2,7.2,43,1.4044575029976907,0.4424686566234599,0.865734072373302
12.1_5.2,7.2,20,1.0669691189582822,0.6693231528398612,0.845376848029576
13.1_33.2,7.2,32,0.2816217863114483,4.925131182163991,0.2936343673991662
14.1,7.2,72,0.9065591761438551,0.6813834952225938,0.79046470282408
15.1,7.2,69,2.916411106912776,-2.0194571774202044,0.8053462872733623
18.1_26.1,7.2,72,0.876078172735942,0.8075961330495111,0.8409724262419499
20.2,7.2,40,1.2295292989054991,0.5397944876542947,0.8238803847440943
21.1,7.2,61,0.9731685239505159,0.6714373369570468,0.8243312914702312
22.1,7.2,62,0.9179491165533173,0.6475951993222203,0.89881951821864
23.1,7.2,24,0.9584232789892276,0.4064913671842185,0.8954640088024362
28.1,7.2,70,5.787991681326899,-5.889266151554333,0.8292166461058151
29.1,7.2,70,0.9148109291008066,0.6224612141635847,0.8617927515616904
31.2,7.2,66,0.9172709752715951,0.36317620339843776,0.8667408819558635
32.2,7.2,51,0.9391451892133896,0.30533364038904975,0.8428446572425812
34.1_16.1,7.2,42,0.9637698490345938,0.4313651182828743,0.7715722191943766
35.2,7.2,54,1.1698051837679753,0.6997976124133667,0.8364202128741864
2.1,8.1_34.2,24,0.8546264768931774,1.1535111388021202,0.9478241251276384
3.1,8.1_34.2,69,1.0802072894222918,0.7209486373245954,0.8458222334514491
5.1_19.3_24.2,8.1_34.2,16,0.9525623479758857,0.24859041689801742,0.9243589993495844
7.2,8.1_34.2,19,0.8397812661492835,0.8963641534764792,0.9616934072121458
8.1_34.2,8.1_34.2,69,1.0000000000000002,-1.672291578553913e-15,1
9.1_17.2,8.1_34.2,53,0.8303527528624327,1.5183493009859148,0.7229244236405549
12.1_5.2,8.1_34.2,11,0.935733220158904,0.16254049236530518,0.942963995694563
13.1_33.2,8.1_34.2,15,0.501452270861155,2.012873395197676,0.5416591997768602
14.1,8.1_34.2,37,0.7148974442724381,1.8019431658150913,0.8638409916548777
15.1,8.1_34.2,33,2.0099540932856215,0.2399533354181689,0.7565123335351991
18.1_26.1,8.1_34.2,65,0.6381157138509689,1.743624111396104,0.8338983187334629
20.1,8.1_34.2,29,1.0251744250556156,-0.29525234256141597,0.8466872260004322
20.2,8.1_34.2,24,1.1040071511845326,0.5892885744553009,0.926629700238629
21.1,8.1_34.2,63,0.9649835239585803,0.31041276582631516,0.9373722678400128
22.1,8.1_34.2,35,0.585294268048883,2.189484871792442,0.840281806028304
23.1,8.1_34.2,64,1.1191986401240923,-0.5356676985786185,0.8536723536882773
24.1_1.2,8.1_34.2,43,1.0461169359121185,0.6639972754656462,0.8947130547735483
27.1,8.1_34.2,14,1.0068727154020432,0.19067062525839434,0.9640704130210712
28.1,8.1_34.2,44,0.7215163875433338,3.091472744539661,0.6447215513333103
29.1,8.1_34.2,35,0.6863104270876492,1.5962046070498737,0.8702273686573438
30.1_17.1,8.1_34.2,20,1.0081853932729343,-0.24211888985395305,0.9483689096269509
31.2,8.1_34.2,15,0.6662132163792934,1.1927156585898062,0.9201051288878086
34.1_16.1,8.1_34.2,16,0.6875210290192324,1.1103548819321587,0.7918759550153878
2.1,9.1_17.2,94,0.8217561825572801,1.34229018615717,0.8020166730420757
3.1,9.1_17.2,306,1.0815769513173004,1.248747444944707,0.8430021110769299
5.1_19.3_24.2,9.1_17.2,137,1.1006143258560384,0.4897473587422997,0.9651344045775708
7.1_4.1,9.1_17.2,13,1.3310683932340361,-3.187293709133582,0.9374961193423295
7.2,9.1_17.2,65,0.9030059147758067,1.538864475579817,0.7945586511240637
8.1_34.2,9.1_17.2,53,0.8706232636050818,0.9077074648754979,0.7229244236405549
9.1_17.2,9.1_17.2,311,0.9999999999999998,2.5050704391180687e-15,1
9.2,9.1_17.2,54,1.4863521917718867,0.37088452822045576,0.9578016819227957
12.1_5.2,9.1_17.2,113,0.9348151614785192,0.5939426517260706,0.9042980369325151
13.1_33.2,9.1_17.2,84,0.3517820362867169,6.202924987219882,0.3607775517555979
14.1,9.1_17.2,224,0.9614855286426105,1.353000970460965,0.9221362357606577
15.1,9.1_17.2,119,3.292465565869476,-2.1946091628073936,0.8225636197981757
18.1_26.1,9.1_17.2,266,0.8381314572403069,0.5976214710693362,0.8973767561244615
20.1,9.1_17.2,77,0.8768116353458653,-0.055335856860659505,0.7266207367285078
20.2,9.1_17.2,53,1.2926227218961155,0.4609113096409474,0.9376790647396316
21.1,9.1_17.2,264,1.020616726264387,0.1047774830472621,0.8744226517619225
22.1,9.1_17.2,216,0.8831196715443854,1.664455059370178,0.8874766455676499
23.1,9.1_17.2,250,0.8767871250183659,0.8920649578361304,0.7874729280895083
24.1_1.2,9.1_17.2,205,1.0571110949185043,0.5702704639811257,0.8705414303009581
25.1,9.1_17.2,38,1.2436963751480894,0.01308303190890985,0.9122707482664383
27.1,9.1_17.2,53,1.1084072434641057,-1.2710574804833406,0.9502066070874303
28.1,9.1_17.2,169,0.40110859592790854,7.244753755598358,0.1775637342978228
29.1,9.1_17.2,223,0.992659350031837,0.644401583569717,0.9307853902279809
30.1_17.1,9.1_17.2,43,0.7291187280584409,0.15130955328163692,0.8766343935762466
31.2,9.1_17.2,76,1.0681900956178179,-0.17376485251127188,0.9311464281514606
32.2,9.1_17.2,60,1.0828835866277797,-0.21772510730093989,0.9113056857176783
34.1_16.1,9.1_17.2,113,0.8578162797684199,2.0371848766166023,0.9023249097951754
35.2,9.1_17.2,68,1.3103210116038302,0.3889538730076558,0.908526791883749
2.1,9.2,24,0.7792565225770239,0.7114270872396693,0.9861437493038817
3.1,9.2,55,0.806116184510426,0.528751638568086,0.9434741994861907
5.1_19.3_24.2,9.2,20,0.8162365944731492,0.19167856803751293,0.9620102916587713
7.2,9.2,43,0.6164188453730136,0.6295936628775469,0.865734072373302
9.1_17.2,9.2,54,0.6443975305617144,0.02568920396640639,0.9578016819227957
9.2,9.2,55,0.9999999999999998,1.3924135075374455e-15,1
12.1_5.2,9.2,21,0.7320199822160035,0.2178927991139262,0.9801116642953204
13.1_33.2,9.2,22,0.256565926380823,3.217708518348036,0.3532895032942695
14.1,9.2,55,0.6830196597843345,0.01837439151286998,0.9423341984631333
15.1,9.2,53,2.114878260197173,-1.630186560057742,0.9492980392908204
18.1_26.1,9.2,55,0.6476966411348982,0.21143775658467762,0.9707459125983039
20.2,9.2,28,0.8522184375112298,0.20516532045214156,0.9740243166442019
21.1,9.2,47,0.6865884066996668,0.10986182948192831,0.9594443853570721
22.1,9.2,47,0.6746485872371883,0.26675168433040625,0.9395388467071035
28.1,9.2,55,4.155460718115856,-4.590490281877012,0.9175669760007441
29.1,9.2,54,0.6191616124765078,0.22030506367530447,0.9155813744985033
31.2,9.2,54,0.6567684921965463,0.10482885098872416,0.9267184092356925
32.2,9.2,46,0.6658802997148562,0.06285117052250934,0.952745535655735
34.1_16.1,9.2,33,0.693371903644529,0.014153441093619153,0.935567424949706
35.2,9.2,54,0.8518283539059395,0.21796278518814452,0.9755051236045953
3.1,11.1_32.1_18.2,10,0.9154197093522333,0.6169885515050896,0.9624768621264923
11.1_32.1_18.2,11.1_32.1_18.2,10,1,1.1234667099445444e-15,1
23.1,11.1_32.1_18.2,10,0.8779351301352772,-0.18988536535672845,0.9424258283554319
24.1_1.2,11.1_32.1_18.2,10,0.977897876795564,0.513290472718283,0.9908766468771149
2.1,12.1_5.2,61,0.9123451981055009,1.5566389016906046,0.9218230053602444
3.1,12.1_5.2,183,1.1606097829029387,0.30855318546393184,0.913636646228087
5.1_19.3_24.2,12.1_5.2,45,1.128893786679527,-0.4758708487940034,0.9301622529119562
7.1_4.1,12.1_5.2,36,1.2765825126930814,-1.4799136104095814,0.8962278165007742
7.2,12.1_5.2,20,0.7923161345615567,0.8396940445264568,0.845376848029576
8.1_34.2,12.1_5.2,11,1.0077273900080528,0.38874199391682235,0.942963995694563
9.1_17.2,12.1_5.2,113,0.9673549105710505,0.6508240106500347,0.904298036932515
9.2,12.1_5.2,21,1.3389138112436259,-0.1136083573917837,0.9801116642953205
12.1_5.2,12.1_5.2,186,1.0000000000000002,-2.4792525411888743e-15,1
13.1_33.2,12.1_5.2,66,0.6201208065093912,3.923900318584402,0.31528563067132265
14.1,12.1_5.2,76,0.9833594834603614,0.07474388674529973,0.959838692061309
15.1,12.1_5.2,21,2.949663937622719,-3.0898679105271674,0.871067526211806
18.1_26.1,12.1_5.2,135,0.8148571921159805,1.3374209478826722,0.9503018415159384
20.1,12.1_5.2,57,1.101955974616482,0.2858149075916106,0.8955709341438205
20.2,12.1_5.2,10,1.0466754458994931,0.7072845539457117,0.8168798901548789
21.1,12.1_5.2,146,1.0538500145919618,-0.34677451983834695,0.9306397080818847
22.1,12.1_5.2,79,0.8869204470180004,1.223762773539076,0.9280570470270701
23.1,12.1_5.2,153,0.9622839940127358,0.15004150791978807,0.8081134741074079
24.1_1.2,12.1_5.2,154,1.1026213032129037,0.2533851556568459,0.9626641962059246
25.1,12.1_5.2,25,1.0929652587028256,0.6527199629383481,0.9580344871823651
27.1,12.1_5.2,34,1.1833740621469753,-0.7275003736036483,0.9720632669871911
28.1,12.1_5.2,143,0.6978826938228783,4.045795762104076,0.6386435364873666
29.1,12.1_5.2,78,1.0665450510767267,-1.157294505931336,0.9241909045918265
30.1_17.1,12.1_5.2,29,0.7282334805463527,3.8364809087557505,0.82030135638457
31.2,12.1_5.2,21,0.8019874205270517,0.7035815975838969,0.9118487452623878
32.2,12.1_5.2,20,0.8802765673844477,-0.13232321171205877,0.9368286322458572
34.1_16.1,12.1_5.2,53,0.8000371251705105,1.7613259890381514,0.937682341194763
35.2,12.1_5.2,21,1.1380372305794815,0.13304066570352055,0.9306967817023492
2.1,13.1_33.2,57,0.9068050007446637,3.6943909596592963,0.565519128101798
3.1,13.1_33.2,137,0.7544332752166706,4.332873377936336,0.24966585958453377
5.1_19.3_24.2,13.1_33.2,34,0.13255299842846735,11.50997041155016,0.006843446117702343
7.1_4.1,13.1_33.2,34,1.0131587800157043,1.0914429960085859,0.5469949328535427
7.2,13.1_33.2,32,1.042655013467009,7.390150595987476,0.29363436739916626
8.1_34.2,13.1_33.2,15,1.0801809688620152,2.289679417848608,0.5416591997768602
9.1_17.2,13.1_33.2,84,1.0255712757929158,2.195596410829533,0.36077755175559795
9.2,13.1_33.2,22,1.3769930726104254,5.668561467762178,0.3532895032942696
12.1_5.2,13.1_33.2,66,0.5084261443282956,3.6392557966618,0.3152856306713226
13.1_33.2,13.1_33.2,140,0.9999999999999997,3.7683766985036055e-15,1
14.1,13.1_33.2,51,0.911862913155764,3.628334504616928,0.1586095490374677
15.1,13.1_33.2,36,4.287766512300215,0.640775457248609,0.3078559614429045
18.1_26.1,13.1_33.2,121,0.574163454961889,4.891576654420716,0.2054084374424561
20.1,13.1_33.2,50,0.9165469199711306,1.6287386660839747,0.8930565888823487
20.2,13.1_33.2,12,1.0386464504118702,14.184596303637472,0.1546216112949653
21.1,13.1_33.2,116,0.9903731245667496,1.576239459697254,0.2972913159031586
22.1,13.1_33.2,38,0.8787246942187966,3.794822042980691,0.1566582187727989
23.1,13.1_33.2,107,0.9445645612132851,-0.06645089851115289,0.35173916660328136
24.1_1.2,13.1_33.2,96,0.6012585800762883,3.388772769268775,0.4051931318082498
27.1,13.1_33.2,22,0.877005263804819,2.0110774036442596,0.8510467546662298
28.1,13.1_33.2,125,0.4825869353554185,7.371775007704151,0.10822313512430444
29.1,13.1_33.2,50,0.2340880303765662,10.945219212419893,0.022355581457410033
30.1_17.1,13.1_33.2,22,0.8734384424841213,2.2015045953195647,0.8665854917783634
31.2,13.1_33.2,36,1.6556627555197625,0.960886079869595,0.4556176523072645
32.2,13.1_33.2,35,1.642944319365606,1.564831411250467,0.43683729009983846
34.1_16.1,13.1_33.2,25,1.2762150854346022,-0.030075377366429724,0.24468280903844397
35.2,13.1_33.2,33,1.846068026981201,3.193280961270662,0.39816417403876286
2.1,14.1,45,1.0337653671461338,0.984224127719496,0.9441542706034349
3.1,14.1,230,1.1287033647077707,0.8730183656389797,0.9019118842738216
5.1_19.3_24.2,14.1,138,1.1432146799367642,-0.7159669444098451,0.9190621084676787
7.2,14.1,72,0.8719394427029072,1.226134252589531,0.7904647028240799
8.1_34.2,14.1,37,1.2083425372068881,-1.1894678185420215,0.8638409916548777
9.1_17.2,14.1,224,0.9590744824443644,-0.39067030974794326,0.9221362357606577
9.2,14.1,55,1.3796589672992396,0.5025338857829936,0.9423341984631333
12.1_5.2,14.1,76,0.9760811872009569,0.47307834830046636,0.959838692061309
13.1_33.2,14.1,51,0.17394012493451871,10.552075068109112,0.15860954903746777
14.1,14.1,233,1,1.8619680931818106e-15,1
15.1,14.1,128,3.0312909958995204,-2.503385714619199,0.879463322456479
18.1_26.1,14.1,194,0.8488644810196686,0.5298419692773202,0.8577456818681242
20.2,14.1,62,1.2045121040060387,-0.22789609275319764,0.9442512278031839
21.1,14.1,198,1.078911739885966,-0.3991862165443415,0.9319717856895187
22.1,14.1,220,0.9030067189401801,0.4654712278698298,0.9299975830267115
23.1,14.1,173,1.0262724930270997,-0.37701663497028876,0.8285972824753183
24.1_1.2,14.1,123,1.1312118010572416,0.3397895947680276,0.9270812086461806
25.1,14.1,32,1.0825889483852569,1.5417849396798997,0.9441764672102949
27.1,14.1,22,1.2326222054090747,-1.1711964360046994,0.9389444015301456
28.1,14.1,115,5.939206380730171,-6.081294799439096,0.8810573789260943
29.1,14.1,228,1.0076530075705525,-0.36457041807845403,0.9169864166502955
31.2,14.1,83,0.9221208323408089,0.4522985039204487,0.9295897371896998
32.2,14.1,61,0.9359615022226629,0.5487643576063845,0.952464603894116
34.1_16.1,14.1,118,0.9008531575067465,0.6351930327168809,0.9395252650241929
35.2,14.1,71,1.1510817058402245,0.7545106816251994,0.9594791955652009
2.1,15.1,37,0.3345389291272892,1.180258304389603,0.948177143953697
3.1,15.1,126,0.38268995478847784,1.1156387125288887,0.9013849481477771
5.1_19.3_24.2,15.1,56,0.3708177199505015,0.5816873009884385,0.8445694261752537
7.2,15.1,69,0.2761429228425472,1.2748300053924457,0.8053462872733624
8.1_34.2,15.1,33,0.37638289156074556,0.7321340551537134,0.756512333535199
9.1_17.2,15.1,119,0.2498321101137933,1.2212417168786374,0.8225636197981757
9.2,15.1,53,0.4488665173579855,0.9236150868198502,0.9492980392908204
12.1_5.2,15.1,21,0.29531076916980675,1.4390320557955942,0.8710675262118062
13.1_33.2,15.1,36,0.07179867666762298,3.1076141423911885,0.3078559614429045
14.1,15.1,128,0.2901283062715338,1.1729892154048969,0.8794633224564788
15.1,15.1,128,1,-0,1
18.1_26.1,15.1,126,0.22212959812514063,1.451819308710939,0.7627849431247331
20.2,15.1,61,0.3867737671998657,1.0061337853882226,0.8583608428487295
21.1,15.1,115,0.3157572054787311,1.055153059255468,0.874066277234162
22.1,15.1,119,0.2497425725991542,1.345375535034326,0.7804392695574895
23.1,15.1,75,0.28998860506204327,1.2568286793639893,0.7954096675682567
24.1_1.2,15.1,27,0.39475331536197933,1.220426776529099,0.788365871342314
28.1,15.1,82,1.91467545744783,-1.1838900129601704,0.8819916231254813
29.1,15.1,124,0.28586407795758834,1.1343490902703663,0.8107471668524355
31.2,15.1,80,0.28317062107807067,1.129878073994742,0.8721162325996542
32.2,15.1,58,0.2953992773085131,1.057682706621669,0.9148180771401146
34.1_16.1,15.1,53,0.2805808018796719,1.0574507350952647,0.8754057856848612
35.2,15.1,69,0.3675634602518273,1.0968833819262676,0.9500817395889756
2.1,18.1_26.1,118,1.1095563506391,0.3521288885345602,0.9097493840375003
3.1,18.1_26.1,337,1.2175792238929832,1.0528342895665916,0.7960260919430939
5.1_19.3_24.2,18.1_26.1,109,1.0768653498667047,1.2514791511319476,0.8426240917528632
7.1_4.1,18.1_26.1,32,0.6160109651811461,2.7688329099754463,0.9079751196482314
7.2,18.1_26.1,72,0.9599285228344876,0.6314131835344869,0.84097242624195
8.1_34.2,18.1_26.1,65,1.3068136399603203,-0.7044241834383793,0.8338983187334629
9.1_17.2,18.1_26.1,266,1.0706873586146375,0.5790671190632937,0.8973767561244618
9.2,18.1_26.1,55,1.4987663219888812,-0.043213271977783456,0.9707459125983039
12.1_5.2,18.1_26.1,135,1.1662188794679988,-1.0104154052920111,0.9503018415159386
13.1_33.2,18.1_26.1,121,0.3577525453202004,6.178211504348351,0.20540843744245618
14.1,18.1_26.1,194,1.0104624484202553,1.1402947522136244,0.8577456818681239
15.1,18.1_26.1,126,3.433963549040432,-2.635991454704921,0.7627849431247331
18.1_26.1,18.1_26.1,341,0.9999999999999997,3.694956069207072e-15,1
20.1,18.1_26.1,99,1.310557758245379,-0.9974993271728142,0.8122745217979536
20.2,18.1_26.1,62,1.2929140912167814,0.33564931792116826,0.9098072155247783
21.1,18.1_26.1,290,1.1295037994304309,0.03997497664921603,0.873818507053281
22.1,18.1_26.1,186,1.0003356973565987,0.6925888260200332,0.9182748159115129
23.1,18.1_26.1,278,0.9608394326893697,1.1552396808874887,0.8039425313969824
24.1_1.2,18.1_26.1,224,1.1588580876391612,0.8806740769686098,0.8648238974021317
25.1,18.1_26.1,23,1.3094747407408875,0.13815469846480127,0.9282196996027517
27.1,18.1_26.1,48,1.2550187202049456,-1.0093959448339727,0.9725714997629002
28.1,18.1_26.1,233,0.7498659052716624,4.953404334260682,0.44605111772193456
29.1,18.1_26.1,193,1.043489133245501,0.4492648091218038,0.8774303365031297
30.1_17.1,18.1_26.1,54,0.9853162435336856,0.9032575045310254,0.8724150314795872
31.2,18.1_26.1,81,1.0192659118883038,-0.22325392500375196,0.9603678134375778
32.2,18.1_26.1,59,1.0259237202400278,-0.3531735654340778,0.9652488175583886
34.1_16.1,18.1_26.1,82,0.9643951815102706,0.5901561899175299,0.9511499923469735
35.2,18.1_26.1,69,1.2479804073387346,0.30515437150513547,0.9503203316543503
2.1,20.1,60,0.8348102640836411,1.746790960970161,0.9311970979264433
3.1,20.1,122,1.1066975599111772,0.10784726050773275,0.9693841616828873
7.1_4.1,20.1,12,0.6660575126032577,2.256577089100167,0.7221424342127868
8.1_34.2,20.1,29,0.8258957747160921,1.527388605617465,0.8466872260004321
9.1_17.2,20.1,77,0.8287079087880562,2.6681323026256702,0.7266207367285078
12.1_5.2,20.1,57,0.81271026681035,0.9049054500828815,0.8955709341438204
13.1_33.2,20.1,50,0.9743708362584186,-0.6907112848214846,0.8930565888823487
18.1_26.1,20.1,99,0.6197929978190778,2.386328808594228,0.8122745217979537
20.1,20.1,124,1.0000000000000004,-4.162424184990897e-15,1
21.1,20.1,95,0.855181621017051,0.6474721346612418,0.9138489698697337
23.1,20.1,112,0.545743778505403,3.0942910975876434,0.6642564960760573
24.1_1.2,20.1,104,0.9067953954737356,1.1197396628360297,0.9643039919020969
27.1,20.1,31,0.9489374412162825,0.5875999220187433,0.974039397840535
28.1,20.1,85,0.6579107613023922,1.711621419225228,0.8731213794220883
30.1_17.1,20.1,49,0.6020663345400055,2.920493141153522,0.7537751637670579
2.1,20.2,18,0.895591410263716,0.8179937787194185,0.9725104000534823
3.1,20.2,62,0.9443326854070724,0.694366967367047,0.9472101309604134
5.1_19.3_24.2,20.2,17,0.9079037887175245,0.2274240091819569,0.9209746445504754
7.2,20.2,40,0.67007787897164806,0.7485234290638066,0.8238803847440943
8.1_34.2,20.2,24,0.8393330597944147,-0.12264248832404281,0.926629700238629
9.1_17.2,20.2,53,0.7254081557255729,0.0839157577055776,0.9376790647396315
9.2,20.2,28,1.1429280026945756,-0.04727423608291922,0.9740243166442017
12.1_5.2,20.2,10,0.7804519475020911,0.6504365555987722,0.8168798901548789
13.1_33.2,20.2,12,0.1488683769473729,6.418991833809912,0.1546216112949652
14.1,20.2,62,0.7839283844991985,0.5299075412915548,0.9442512278031838
15.1,20.2,61,2.219284025033606,-1.332702548906249,0.8583608428487295
18.1_26.1,20.2,62,0.70368729191322,0.33208072307993064,0.9098072155247783
20.2,20.2,62,1.0000000000000002,-1.3990246387188737e-15,1
21.1,20.2,55,0.8265221967694486,0.17378597897645803,0.9682533107240209
22.1,20.2,58,0.718303708818773,0.6066496855175922,0.8341586615840871
23.1,20.2,38,0.8463650665511664,0.08737407566573442,0.9332306508088288
28.1,20.2,49,4.781094533806995,-5.125099067884139,0.9076406563124821
29.1,20.2,58,0.7597943555484847,0.34154845634169406,0.9217479292507567
31.2,20.2,44,0.8108610345307963,-0.1762637490892981,0.9267398856304158
32.2,20.2,23,0.7665885576518497,0.30509246376966226,0.9623393946536998
34.1_16.1,20.2,33,0.7425538646070469,0.11504626730084425,0.883257187951633
35.2,20.2,35,0.9697052115808401,0.2416704381341346,0.9687258002113668
2.1,21.1,106,0.9386049217514308,1.3534815194289904,0.9179847892716135
3.1,21.1,336,1.0834022972221706,0.8239728477545156,0.9380509665164478
5.1_19.3_24.2,21.1,117,1.030256628857143,-0.1575842866131456,0.9763607508579932
7.1_4.1,21.1,38,1.0399102342001074,-0.27376899013923717,0.931728711497867
7.2,21.1,61,0.8470591384562157,0.8829499251676163,0.8243312914702311
8.1_34.2,21.1,63,0.9713868108283338,0.16984149827294623,0.9373722678400128
9.1_17.2,21.1,264,0.8567590842474656,1.2737376407175043,0.8744226517619225
9.2,21.1,47,1.3974083686745968,0.2168247350686595,0.9594443853570721
12.1_5.2,21.1,146,0.8830855389248315,1.0533709365785187,0.9306397080818849
13.1_33.2,21.1,116,0.30018112217373866,6.109889160394416,0.2972913159031586
14.1,21.1,198,0.8638072524709224,1.0748226302416253,0.9319717856895187
15.1,21.1,115,2.768159402440107,-1.8881949181110518,0.874066277234162
18.1_26.1,21.1,290,0.7736304273557261,1.1784902789708498,0.8738185070532809
20.1,21.1,95,1.0686022096486485,0.18651481119817914,0.9138489698697339
20.2,21.1,55,1.1714788961609786,0.03435912396456368,0.9682533107240208
21.1,21.1,340,1,-0,1
22.1,21.1,193,0.7645905086773712,1.5832010174378108,0.8498665808532705
23.1,21.1,285,0.8260589996174378,1.1512665835974834,0.8453170662290979
24.1_1.2,21.1,240,1.0197155601805463,0.9378013619063909,0.9570588937797192
25.1,21.1,27,1.2254769997624018,-0.23725751878093126,0.9062302046731985
27.1,21.1,52,1.0163864737812471,0.5370703168160958,0.9785871808657068
28.1,21.1,213,0.6559692866840341,4.9724691206823435,0.442110740309054
29.1,21.1,195,0.9291001647220318,0.07461670536747186,0.9407381600206345
30.1_17.1,21.1,44,0.8428993775617976,1.5426939389900325,0.931020352097886
31.2,21.1,72,0.871322192083115,0.45212097058299455,0.9247542027210828
32.2,21.1,50,0.9033492696490341,0.23493589273782114,0.9523576676129395
34.1_16.1,21.1,97,0.7451070855869094,2.142282202259287,0.8834164733876021
35.2,21.1,62,1.0865374662068943,0.9940557755528612,0.9282874312854664
2.1,22.1,44,1.2007938412733987,0.065615616809645,0.8739330251605202
3.1,22.1,222,1.1453613932729627,1.312385263445931,0.8157903218933438
5.1_19.3_24.2,22.1,130,1.1942844668175085,-0.6119208403729508,0.8550593402766862
7.2,22.1,62,0.9791605024835096,0.20052822105548115,0.89881951821864
8.1_34.2,22.1,35,1.4356569881154628,-1.7934647612918513,0.8402818060283043
9.1_17.2,22.1,216,1.0049336167720566,-0.3000514953720089,0.8874766455676499
9.2,22.1,47,1.3926344240261295,0.16636880620187444,0.9395388467071035
12.1_5.2,22.1,79,1.0463813864562248,-0.3074387783953031,0.9280570470270701
13.1_33.2,22.1,38,0.17827906715660377,10.198178155536029,0.15665821877279892
14.1,22.1,220,1.0298899925331784,0.36203463229786303,0.9299975830267114
15.1,22.1,119,3.124974894889557,-2.1660396891997653,0.7804392695574897
18.1_26.1,22.1,186,0.9179666569313352,0.25540170478165414,0.9182748159115129
20.2,22.1,58,1.1612896485747422,0.5483984217331982,0.8341586615840871
21.1,22.1,193,1.111531690765315,0.027459932307724037,0.8498665808532707
22.1,22.1,225,1.0000000000000002,-4.5334137310372485e-15,1
23.1,22.1,175,1.0366614832496022,0.47049437583003284,0.7250947926976284
24.1_1.2,22.1,126,1.1560425405825754,1.0308164540486366,0.8385744513272038
25.1,22.1,31,1.0422185939465334,2.2563116862412027,0.9200101555871568
27.1,22.1,23,1.423233475125182,-2.7598909614032667,0.9112163819854798
28.1,22.1,102,5.808134700981546,-5.974412529916207,0.9114446004249296
29.1,22.1,218,1.091540242838978,-0.6000249967624283,0.9071875846322324
31.2,22.1,74,0.9219901028420586,0.12627528258127413,0.9591940146705786
32.2,22.1,51,0.9241461939779886,0.007681813739815311,0.9586171019539287
34.1_16.1,22.1,110,0.9580731099116453,-0.00657562970866979,0.9641781303801481
35.2,22.1,61,1.1353471497651473,0.611706063159129,0.9288924750663514
2.1,23.1,105,0.9505133091683104,1.1995845272264343,0.8964399902914372
3.1,23.1,340,1.0846686272759676,1.5731063914229033,0.7618673863723349
5.1_19.3_24.2,23.1,110,0.9550415976551208,1.2933544792330116,0.8856558534210296
7.1_4.1,23.1,42,0.7149528793181553,2.771877049956593,0.7624943338377744
7.2,23.1,24,0.9343095357061972,0.23045971841788818,0.8954640088024363
8.1_34.2,23.1,64,0.762753208486409,1.4186559440311934,0.8536723536882775
9.1_17.2,23.1,250,0.8981346847138219,1.6661545737999592,0.7874729280895083
11.1_32.1_18.2,23.1,10,1.0734572475875495,0.7703097046769614,0.942425828355432
12.1_5.2,23.1,153,0.8397868811446874,2.013153455553513,0.808113474107408
13.1_33.2,23.1,107,0.37238234531208236,6.280908152049207,0.35173916660328136
14.1,23.1,173,0.8073852588909238,2.264444465189519,0.8285972824753184
15.1,23.1,75,2.742899733588077,-1.9721524242014614,0.7954096675682567
18.1_26.1,23.1,278,0.8367085113761039,1.0396270698229173,0.8039425313969826
20.1,23.1,112,1.2171581651287315,0.0629600862541658,0.6642564960760572
20.2,23.1,38,1.102633707002616,0.2762356179318003,0.9332306508088288
21.1,23.1,285,1.023313185402712,0.4207640587293449,0.8453170662290981
22.1,23.1,175,0.6994518504002756,2.751096049766079,0.7250947926976287
23.1,23.1,346,1.0000000000000002,-2.3792249942829652e-15,1
24.1_1.2,23.1,280,1.044381565343729,1.5000858107351729,0.8019835333741466
25.1,23.1,35,1.1498489363155115,1.1845401771915365,0.8279755682490382
27.1,23.1,65,0.8766114419966252,2.0335182104484106,0.8365308628349846
28.1,23.1,198,0.7184260126503336,3.8081474742529737,0.6068842521746158
29.1,23.1,171,0.8699414728088485,1.272618246276165,0.8401851677557538
30.1_17.1,23.1,53,1.0486159242416722,0.1378307595553167,0.731462089900214
31.2,23.1,29,0.8754029026162736,0.0599142307647778,0.8883731118633874
34.1_16.1,23.1,82,0.6441267360301073,4.4400670829039655,0.6798526765901289
35.2,23.1,17,1.2217137917281597,0.294765087632593,0.9668655944038185
2.1,24.1_1.2,96,0.8615094052249874,0.5115803147429098,0.9296399532914766
3.1,24.1_1.2,286,1.035229506214806,0.05889993278940328,0.9593729878271632
5.1_19.3_24.2,24.1_1.2,100,0.9569403661001561,-0.442817809141693,0.9551682546539536
7.1_4.1,24.1_1.2,43,0.9994206568489151,-0.595713075862241,0.8839488355648685
8.1_34.2,24.1_1.2,43,0.8552705955318851,0.21892490335680895,0.8947130547735483
9.1_17.2,24.1_1.2,205,0.8235098794115587,0.889422956901266,0.8705414303009581
11.1_32.1_18.2,24.1_1.2,10,1.0132721119347148,-0.44607398572990464,0.9908766468771149
12.1_5.2,24.1_1.2,154,0.8730687439112942,0.14725908440233068,0.9626641962059245
13.1_33.2,24.1_1.2,96,0.6739082738026603,2.631833051206298,0.4051931318082499
14.1,24.1_1.2,123,0.8195469741207807,0.5700188052358014,0.9270812086461806
15.1,24.1_1.2,27,1.9971101968311549,-1.2025582821030687,0.788365871342314
18.1_26.1,24.1_1.2,224,0.7462724785948213,0.5711880013182689,0.8648238974021316
20.1,24.1_1.2,104,1.0634195946686706,-0.8673833030567893,0.9643039919020969
21.1,24.1_1.2,240,0.9385547609082932,-0.47235411442442954,0.9570588937797193
22.1,24.1_1.2,126,0.7253837310386635,1.0892816385348743,0.8385744513272038
23.1,24.1_1.2,280,0.7679028048625087,0.6777296470892951,0.8019835333741466
24.1_1.2,24.1_1.2,290,1.0000000000000002,-2.1176512046850905e-15,1
25.1,24.1_1.2,34,0.9842054107350348,0.6024256394641013,0.9460073191091347
27.1,24.1_1.2,63,0.9633966591586873,-0.15074954342826077,0.9721788916420767
28.1,24.1_1.2,162,0.6941514525457586,2.469869832659289,0.6205659049232886
29.1,24.1_1.2,126,0.8945872051038783,-0.6864285272467522,0.9259896919968668
30.1_17.1,24.1_1.2,49,0.909776902054297,-0.0793422580473276,0.8685894550271439
34.1_16.1,24.1_1.2,65,0.6926578561608899,2.260878891574201,0.8761026454923405
2.1,25.1,14,0.6220164527594955,2.065502450452185,0.9246736327870705
3.1,25.1,40,0.8975162547380391,0.9441065722921637,0.9267758536855815
5.1_19.3_24.2,25.1,24,0.8981921771920875,0.048514074443802215,0.981835734067928
9.1_17.2,25.1,38,0.7335156445702531,0.897612069703365,0.9122707482664384
12.1_5.2,25.1,25,0.8765461477882642,-0.07482726989167614,0.9580344871823652
14.1,25.1,32,0.8721467816742335,-0.7303913819381783,0.9441764672102949
18.1_26.1,25.1,23,0.7088488771288354,0.5415276478608795,0.9282196996027517
21.1,25.1,27,0.7394918100045127,1.080341571339247,0.9062302046731984
22.1,25.1,31,0.8827420283334099,-1.0909872083936112,0.9200101555871569
23.1,25.1,35,0.720073343636026,0.753754846631482,0.8279755682490382
24.1_1.2,25.1,34,0.9611889030386734,0.01481475050549102,0.9460073191091347
25.1,25.1,41,1,-0,1
27.1,25.1,19,0.9282866154764721,0.1005900108305414,0.9722603912007394
28.1,25.1,20,0.3532490819811949,5.5860313542281546,0.14468476480721143
29.1,25.1,31,0.8793320976620115,-0.9602984609993054,0.9250070666870468
34.1_16.1,25.1,22,0.765061130301514,-0.053940903214503,0.9222091668073776
2.1,27.1,31,0.768470981577556,1.9216597555946595,0.9455786704272018
3.1,27.1,64,1.0445480568633565,0.1612674539246056,0.9663064694892833
5.1_19.3_24.2,27.1,17,1.0008755527574795,0.1383574764767151,0.9858500768263696
8.1_34.2,27.1,14,0.95748985772856,0.10959518580413334,0.9640704130210712
9.1_17.2,27.1,53,0.8572721016489835,1.6150924034207108,0.9502066070874302
12.1_5.2,27.1,34,0.8214336430727519,0.8812325384987055,0.972063266987191
13.1_33.2,27.1,22,0.9704009654104352,-1.0332750550412853,0.8510467546662298
14.1,27.1,22,0.7617454865000871,1.7211348315624093,0.9389444015301455
18.1_26.1,27.1,48,0.7749458108513941,1.0581129055870084,0.9725714997629002
20.1,27.1,31,1.0264526991284888,-0.38526188691615215,0.9740393978405351
21.1,27.1,52,0.9628101181089944,-0.2989112362873198,0.9785871808657066
22.1,27.1,23,0.6402437814395369,2.9357964049959944,0.9112163819854799
23.1,27.1,65,0.954277827961781,-0.30480357931751223,0.8365308628349846
24.1_1.2,27.1,63,1.0091159050635057,0.4351164983835984,0.9721788916420767
25.1,27.1,19,1.0473709035454486,0.16563051676155618,0.9722603912007393
27.1,27.1,65,0.9999999999999998,2.221867389465146e-15,1
28.1,27.1,35,0.7556214757625599,0.6227194538044897,0.9736341299286455
29.1,27.1,23,0.9271158344039151,0.03592701143806146,0.9845576649220438
30.1_17.1,27.1,16,0.8803880964440609,0.39063644273203,0.9269110870972809
34.1_16.1,27.1,14,0.5045636740847446,4.7886724668635425,0.960428589372846
2.1,28.1,107,0.9874775707340994,0.2411255836666828,0.7144809763405467
3.1,28.1,259,0.7804810832073246,1.0429405630677955,0.3685932922789151
5.1_19.3_24.2,28.1,47,0.160718476412201,1.2895311429116205,0.9090574259901723
7.1_4.1,28.1,37,1.034321846017748,0.29860143416299023,0.88507550230114
7.2,28.1,70,0.14326500308924367,1.270307754416606,0.8292166461058151
8.1_34.2,28.1,44,0.8935646680576452,-0.8006531483438982,0.6447215513333103
9.1_17.2,28.1,169,0.44268244585248545,1.9679573135439021,0.17756373429782293
9.2,28.1,55,0.22080992656255488,1.229085689656262,0.917566976000744
12.1_5.2,28.1,143,0.9151158814226927,-0.6266882193373982,0.6386435364873666
13.1_33.2,28.1,125,0.22425624731137753,4.426620621417802,0.10822313512430448
14.1,28.1,115,0.14834597797185425,1.2213772200472315,0.8810573789260943
15.1,28.1,82,0.46064810602478473,0.846800583052345,0.8819916231254813
18.1_26.1,28.1,233,0.5948411770506339,0.7320337664695207,0.44605111772193445
20.1,28.1,85,1.327112172012003,-0.619505491297758,0.8731213794220885
20.2,28.1,49,0.18983951266693816,1.188720571324685,0.907640656312482
21.1,28.1,213,0.6739808544146197,0.17357012710151334,0.44211074030905384
22.1,28.1,102,0.1569255272731364,1.1730803493869728,0.9114446004249296
23.1,28.1,198,0.8447414785772712,-0.07722042734254263,0.6068842521746162
24.1_1.2,28.1,162,0.893992085801161,1.0782033960503485,0.6205659049232887
25.1,28.1,20,0.409582847309179,2.420768355484083,0.14468476480721149
27.1,28.1,35,1.2885209872391084,-0.5682591841906317,0.9736341299286455
28.1,28.1,263,0.9999999999999996,4.9772152517176706e-15,1
29.1,28.1,111,0.13680923936733963,1.2948118716049106,0.8309648588135558
30.1_17.1,28.1,45,1.0164115818210926,1.6496144225335445,0.9302723263442658
31.2,28.1,80,0.15223444957556093,1.1650716208291265,0.9114847540133499
32.2,28.1,58,0.15159807287348265,1.1714734775715943,0.9164463303241634
34.1_16.1,28.1,71,0.14252619692219165,1.2238120782590858,0.9030052929325237
35.2,28.1,68,0.18056009863940364,1.3030271562511349,0.8969341011101811
2.1,29.1,44,1.150389741380215,0.5694160149330599,0.9042667394313167
3.1,29.1,229,1.0432688392348946,1.9561507235539655,0.8531582188134125
5.1_19.3_24.2,29.1,138,1.0547619679038582,0.5607819482246649,0.9339147244251326
7.2,29.1,70,0.942044660975761,0.6342999085571942,0.8617927515616903
8.1_34.2,29.1,35,1.2679792325903372,-0.9659655189848931,0.870227368657344
9.1_17.2,29.1,223,0.9376684863726201,0.21719172890516197,0.9307853902279808
9.2,29.1,54,1.4787437658423022,0.509803674332148,0.9155813744985032
12.1_5.2,29.1,78,0.8665277698854008,2.026308329041922,0.9241909045918265
13.1_33.2,29.1,50,0.09550074568720021,11.35841748243245,0.02235558145741003
14.1,29.1,228,0.9100220113083825,1.303237780842036,0.9169864166502952
15.1,29.1,124,2.836128178975746,-1.516533196263581,0.8107471668524355
18.1_26.1,29.1,193,0.8408619779049461,0.9612321611720366,0.8774303365031298
20.2,29.1,58,1.2131544838673618,0.2252838099695264,0.9217479292507565
21.1,29.1,195,1.0125260932464528,0.6041460601888609,0.9407381600206344
22.1,29.1,218,0.8311077769086513,1.5703564089184068,0.9071875846322324
23.1,29.1,171,0.9657950494565819,0.6238055806376178,0.8401851677557539
24.1_1.2,29.1,126,1.0351027677501181,1.7158006394346355,0.9259896919968668
25.1,29.1,31,1.0519427974328206,2.04831164179899,0.9250070666870468
27.1,29.1,23,1.0619575552337104,0.1805209801993974,0.9845576649220438
28.1,29.1,111,6.073894297316962,-6.099868110791339,0.8309648588135556
29.1,29.1,231,1,-3.7400223786776734e-15,1
31.2,29.1,79,0.9761244922687731,0.16370279501542134,0.9243451096160565
32.2,29.1,60,0.9390037983482201,0.4409237723401694,0.9184607983340333
34.1_16.1,29.1,115,0.8053528876326524,2.0098756662286594,0.9134920804919131
35.2,29.1,67,1.1575167602180334,0.9889755737991753,0.8754974312956761
2.1,30.1_17.1,34,0.8639794466109372,1.792455619320145,0.8581538629580742
3.1,30.1_17.1,56,1.1936165623087733,0.9596243029314684,0.737715243317318
8.1_34.2,30.1_17.1,20,0.9406691625914181,0.7365054650595552,0.9483689096269508
9.1_17.2,30.1_17.1,43,1.202320499859636,1.220195712889426,0.8766343935762466
12.1_5.2,30.1_17.1,29,1.1264263155947511,-1.7356298443562965,0.82030135638457
13.1_33.2,30.1_17.1,22,0.9921540541697853,-1.085790243374908,0.8665854917783635
18.1_26.1,30.1_17.1,54,0.8854162683351333,0.722947815355046,0.8724150314795871
20.1,30.1_17.1,49,1.2519802562004436,-0.4921352804129255,0.753775163767058
21.1,30.1_17.1,44,1.104545070125678,-0.9126205031482587,0.931020352097886
23.1,30.1_17.1,53,0.6975500495371412,2.915981264725224,0.7314620899002141
24.1_1.2,30.1_17.1,49,0.954727970193406,1.4784015776528379,0.8685894550271439
27.1,30.1_17.1,16,1.0528437297609188,0.19533678167111182,0.9269110870972809
28.1,30.1_17.1,45,0.915251599826822,-0.6656567197334121,0.9302723263442659
30.1_17.1,30.1_17.1,58,1,-0,1
2.1,31.2,31,1.1659237793670487,0.9783003170478398,0.8926816360000455
3.1,31.2,81,1.125484213527477,1.1955274780846965,0.861482193409766
5.1_19.3_24.2,31.2,23,1.0854059965614113,0.646279031532383,0.9706493242085501
7.2,31.2,66,0.9449125779862706,0.8658259621741671,0.8667408819558635
8.1_34.2,31.2,15,1.3810970816345491,-1.0738967314828742,0.9201051288878087
9.1_17.2,31.2,76,0.8717047948407591,0.8257738544520653,0.9311464281514608
9.2,31.2,54,1.4110275085461321,0.5490276191876229,0.9267184092356925
12.1_5.2,31.2,21,1.136986344078985,0.10717313581953583,0.9118487452623878
13.1_33.2,31.2,36,0.2751874744952105,6.17319302983482,0.4556176523072645
14.1,31.2,83,1.0080997029748597,0.2049810803057213,0.9295897371896998
15.1,31.2,80,3.0798259695140127,-2.2574568914034208,0.8721162325996542
18.1_26.1,31.2,81,0.9422151788225601,0.5679685529897207,0.9603678134375777
20.2,31.2,44,1.1429083975735408,0.768807316414913,0.9267398856304159
21.1,31.2,72,1.0613229080166375,0.23879229174015879,0.9247542027210829
22.1,31.2,74,1.0403517475012347,0.2476946483609706,0.9591940146705786
23.1,31.2,29,1.0148162739789306,0.7526041316158816,0.8883731118633873
28.1,31.2,80,5.987375108292677,-6.178982965182873,0.9114847540133499
29.1,31.2,79,0.9469541200299487,0.5444571861170318,0.9243451096160564
31.2,31.2,83,1.0000000000000002,-3.644182746889652e-15,1
32.2,31.2,60,0.993139827800752,0.05525446590208621,0.9467618470196238
34.1_16.1,31.2,47,1.076609881252804,-0.4327969851122898,0.9598323079912575
35.2,31.2,70,1.1778043922839003,0.8804116549083293,0.9005002997336652
2.1,32.2,24,1.0941754467248628,1.5188452230395186,0.9168718635374109
3.1,32.2,59,1.1750091736427262,0.8242359595660598,0.9382794856824042
5.1_19.3_24.2,32.2,23,1.1902008636557078,0.2037960736598829,0.9720164679902282
7.2,32.2,51,0.8974593778716279,1.2873289870152063,0.8428446572425812
9.1_17.2,32.2,60,0.8415546204330108,1.126784941347503,0.9113056857176782
9.2,32.2,46,1.4308060113262409,0.36669365500991147,0.952745535655735
12.1_5.2,32.2,20,1.0642435195445923,0.773818045650578,0.9368286322458573
13.1_33.2,32.2,35,0.26588685018157865,6.090383316658148,0.4368372900998386
14.1,32.2,61,1.0176322440957912,-0.05312482326266169,0.952464603894116
15.1,32.2,58,3.0968866460180418,-2.3479021421595205,0.9148180771401146
18.1_26.1,32.2,59,0.9408582709565936,0.6866959431305402,0.9652488175583886
20.2,32.2,23,1.2553531944195169,0.017860713359448672,0.9623393946536997
21.1,32.2,50,1.0542518819802067,0.28297408683287234,0.9523576676129395
22.1,32.2,51,1.037300275866051,0.4394872169820657,0.9586171019539287
28.1,32.2,58,6.045237336816224,-6.225557665750137,0.9164463303241634
29.1,32.2,60,0.9781225591948363,0.4052068370654774,0.9184607983340333
31.2,32.2,60,0.9533016605689555,0.5184460805649704,0.946761847019624
32.2,32.2,61,1.0000000000000004,-4.720801155867915e-15,1
34.1_16.1,32.2,36,1.0049001618635836,0.22461648791378896,0.9610499125313706
35.2,32.2,57,1.1919249546353157,0.7382463103325669,0.96225701788299145
2.1,34.1_16.1,21,1.0967697169885182,1.5608425505205175,0.8854041459991926
3.1,34.1_16.1,117,1.2425487346731146,0.2342698719224072,0.8713101836254986
5.1_19.3_24.2,34.1_16.1,67,1.2855768669181815,-1.7523738263023358,0.8699785267127358
7.2,34.1_16.1,42,0.8005772539649988,1.4901759357446938,0.7715722191943767
8.1_34.2,34.1_16.1,16,1.151784340538675,0.24798447128018158,0.7918759550153877
9.1_17.2,34.1_16.1,113,1.0518859703137966,-0.7735068420448032,0.9023249097951752
9.2,34.1_16.1,33,1.349301031714927,0.5193093566390874,0.9355674249497061
12.1_5.2,34.1_16.1,53,1.1720485358662778,-1.115025422230243,0.937682341194763
13.1_33.2,34.1_16.1,25,0.1917253696739681,10.112570392463011,0.24468280903844397
14.1,34.1_16.1,118,1.042928314337575,0.16181663651713032,0.9395252650241929
15.1,34.1_16.1,53,3.1199774889098864,-2.1847021123680053,0.8754057856848612
18.1_26.1,34.1_16.1,82,0.9862658074021536,0.021299384962476117,0.9511499923469735
20.2,34.1_16.1,33,1.1894856791554715,0.7925679608004789,0.883257187951633
21.1,34.1_16.1,97,1.185623503622635,-0.8929788588058769,0.883416473387602
22.1,34.1_16.1,110,1.0063721864285136,0.502015969285505,0.9641781303801481
23.1,34.1_16.1,82,1.0554641479100972,0.04643990632500434,0.6798526765901288
24.1_1.2,34.1_16.1,65,1.2648418518606106,-0.6809030840171622,0.8761026454923404
25.1,34.1_16.1,22,1.2054058561881595,1.1851585916021818,0.9222091668073775
27.1,34.1_16.1,14,1.9034834228108475,-8.494423125602864,0.9604285893728459
28.1,34.1_16.1,71,6.335714503246691,-6.8129152813274905,0.9030052929325239
29.1,34.1_16.1,115,1.134275538735743,-1.0990186931020594,0.9134920804919132
31.2,34.1_16.1,47,0.8915321368538273,0.7362974731928222,0.9598323079912575
32.2,34.1_16.1,36,0.9563635762075181,0.17031735794210198,0.9610499125313707
34.1_16.1,34.1_16.1,118,1,-0,1
35.2,34.1_16.1,42,1.13751876866197,0.9028056837594751,0.935463041920202
2.1,35.2,28,0.9007463190477503,0.5181809484422231,0.9869774469964221
3.1,35.2,70,0.9696641689518405,0.2519534484935577,0.9651817040680211
5.1_19.3_24.2,35.2,23,0.9650829562070812,-0.28276839829591,0.9562813299043336
7.2,35.2,54,0.7150081265498016,0.7499688685389706,0.8364202128741866
9.1_17.2,35.2,68,0.6933619959064186,0.4498673385299878,0.908526791883749
9.2,35.2,54,1.1451897781185063,-0.07496277406006972,0.9755051236045953
12.1_5.2,35.2,21,0.8178087295337819,0.4285260803419689,0.9306967817023493
13.1_33.2,35.2,33,0.21568228701185208,5.220562926417846,0.39816417403876286
14.1,35.2,71,0.8335456907160516,-0.31266996580796413,0.9594791955652009
15.1,35.2,69,2.5848100867753567,-2.4375382960713536,0.9500817395889757
18.1_26.1,35.2,69,0.7614865794895517,0.1384530790248565,0.9503203316543503
20.2,35.2,35,0.9989899906097471,-0.02489004768909731,0.9687258002113667
21.1,35.2,62,0.85435381674055,-0.28386268481087606,0.9282874312854665
22.1,35.2,61,0.8181572264117614,0.05288353255348444,0.9288924750663514
23.1,35.2,17,0.7914010637762803,-0.021366622376705755,0.9668655944038185
28.1,35.2,68,4.967510030560225,-5.698609931846954,0.8969341011101811
29.1,35.2,67,0.7563583192789057,0.21391712908807992,0.8754974312956761
31.2,35.2,70,0.7645584492918133,0.1114255691472309,0.9005002997336652
32.2,35.2,57,0.8073134253468216,-0.27554003975295077,0.96225701788299145
34.1_16.1,35.2,42,0.8223715227314968,-0.26772380798275003,0.935463041920202
35.2,35.2,71,1,-1.6865181723259372e-15,1
