x_site,y_site,n,slope,intercept,r2,site1,site2,distance_km
3.1,2.1,131,1.1840782243547159,-0.5705615984223562,0.8707491513519322,2.1,3.1,2.0803926629053993
5.1_19.3_24.2,2.1,21,1.3247232781409672,-1.9525694859992595,0.8996445174136198,2.1,5.1_19.3_24.2,15.165671332843907
7.1_4.1,2.1,14,0.9504806817427829,0.99143002352056,0.706135824260882,2.1,7.1_4.1,14.965719606798347
7.2,2.1,27,0.7452272517435904,0.4586733368949665,0.831263598003004,2.1,7.2,15.099332474548447
8.1_34.2,2.1,24,1.1090507382514783,-0.9394023055151056,0.9478241251276385,2.1,8.1_34.2,16.411176075884224
9.1_17.2,2.1,94,0.9759788731326907,0.32885502229363966,0.8020166730420757,2.1,9.1_17.2,13.501644864058012
9.2,2.1,24,1.2654930959611035,-0.7940444728804689,0.9861437493038817,2.1,9.2,11.489687088915334
12.1_5.2,2.1,61,1.0103884004370542,-0.8847085730970243,0.9218230053602443,12.1_5.2,2.1,15.281703402247961
13.1_33.2,2.1,57,0.6236391811220677,1.1845007417202713,0.5655191281017979,13.1_33.2,2.1,15.727437724465418
14.1,2.1,45,0.9133158264045116,-0.5125071727425542,0.9441542706034348,14.1,2.1,10.781721511678713
15.1,2.1,37,2.834280442121352,-2.986082509362152,0.9481771439536969,15.1,2.1,3.692484100050361
18.1_26.1,2.1,118,0.8199217493672025,0.408745014698396,0.9097493840375003,18.1_26.1,2.1,19.13084305746904
20.1,2.1,60,1.1154595696647363,-1.2929615588706673,0.9311970979264435,2.1,20.1,2.332514342312717
20.2,2.1,18,1.0858862522666632,-0.7273995552498608,0.9725104000534823,2.1,20.2,10.556877507291127
21.1,2.1,106,0.9780310842166261,-0.6547398843587937,0.9179847892716134,2.1,21.1,11.45542724595717
22.1,2.1,44,0.7277960588419954,0.8348366916950742,0.8739330251605203,2.1,22.1,19.939976778309546
23.1,2.1,105,0.943111455299677,-0.31181626178388244,0.8964399902914371,2.1,23.1,14.45015861281849
24.1_1.2,2.1,96,1.0790827675859165,0.03127085308914897,0.9296399532914766,2.1,24.1_1.2,1.970427811061847
25.1,2.1,14,1.4865742355927654,-2.466397580537541,0.9246736327870706,2.1,25.1,13.587646013151732
27.1,2.1,31,1.2304676339060587,-1.9232559178518505,0.9455786704272018,2.1,27.1,11.82598657151762
28.1,2.1,107,0.723541473260396,2.1960165239946083,0.7144809763405466,2.1,28.1,17.00157530296387
29.1,2.1,44,0.7860525062979048,0.21962203019570511,0.9042667394313169,2.1,29.1,26.15937823151824
30.1_17.1,2.1,34,0.9932572659271992,-0.5470045899090124,0.8581538629580742,2.1,30.1_17.1,17.858243402393978
31.2,2.1,31,0.765643219391803,0.013430352279837155,0.8926816360000454,2.1,31.2,16.264923106740444
32.2,2.1,24,0.8379568983034992,-0.613416049858175,0.916871863537411,2.1,32.2,12.869376942933634
34.1_16.1,2.1,21,0.8072835457476999,-0.5114980889958403,0.8854041459991928,2.1,34.1_16.1,18.02771643613747
35.2,2.1,28,1.0957329784481757,-0.47490835374842766,0.9869774469964222,2.1,35.2,5.5295214788075056
5.1_19.3_24.2,3.1,138,0.9499206971692022,-0.6115954277689741,0.9225193101778466,3.1,5.1_19.3_24.2,15.972307497304223
7.1_4.1,3.1,45,0.47267680740414203,2.859753119572099,0.6364447550657464,3.1,7.1_4.1,16.063868478416996
7.2,3.1,71,0.7133506303667946,0.7083176885131256,0.7734377097183528,3.1,7.2,14.50087683349434
8.1_34.2,3.1,69,0.783018446305621,0.4075285107390172,0.845822233451449,3.1,8.1_34.2,17.02192856753213
9.1_17.2,3.1,306,0.7794194486579995,0.4614326959066093,0.8430021110769299,3.1,9.1_17.2,14.713988605660939
9.2,3.1,55,1.170394811089403,-0.21620397690704563,0.9434741994861907,3.1,9.2,12.738550040833173
11.1_32.1_18.2,3.1,10,1.0514050028566213,-0.32770386429430365,0.9624768621264924,11.1_32.1_18.2,3.1,2.395010680704145
12.1_5.2,3.1,183,0.7872039850834983,0.5607478377967885,0.9136366462280872,12.1_5.2,3.1,16.68895378785856
13.1_33.2,3.1,137,0.33093166458336626,4.650491067975433,0.2496658595845337,13.1_33.2,3.1,17.105355785960775
14.1,3.1,230,0.7990690135909475,0.20960626916764075,0.9019118842738215,14.1,3.1,11.592220002571228
15.1,3.1,126,2.3553922355918506,-1.971202773865585,0.9013849481477769,15.1,3.1,4.9143608958515035
18.1_26.1,3.1,337,0.6537776567819119,0.985930256867758,0.7960260919430937,18.1_26.1,3.1,20.594186215143658
20.1,3.1,122,0.8759250917302913,0.15814604538291324,0.9693841616828874,20.1,3.1,0.6334696703049534
20.2,3.1,62,1.0030470676254324,-0.38308177967756163,0.9472101309604135,20.2,3.1,11.621625679152205
21.1,3.1,336,0.8658380814971486,-0.18971396391760972,0.9380509665164477,21.1,3.1,12.105878567651477
22.1,3.1,222,0.7122558230831902,0.7601066566004067,0.815790321893344,22.1,3.1,21.030441231480626
23.1,3.1,340,0.7023964436822381,0.8792519586533654,0.7618673863723346,23.1,3.1,14.144822473163371
24.1_1.2,3.1,286,0.9267249262774556,0.31880336291858785,0.9593729878271633,24.1_1.2,3.1,3.3746700063880173
25.1,3.1,40,1.0326006340198068,-0.22158544609513584,0.9267758536855815,25.1,3.1,14.141683867161039
27.1,3.1,64,0.9250952726780012,0.17012333122631831,0.9663064694892836,27.1,3.1,13.103402168741233
28.1,3.1,259,0.47226422293825554,4.437053180429941,0.3685932922789152,28.1,3.1,18.08877956839103
29.1,3.1,229,0.8177740834654819,-0.23494684923775774,0.8531582188134125,29.1,3.1,27.550846267055945
30.1_17.1,3.1,56,0.6180504415005601,1.711265158587134,0.7377152433173179,3.1,30.1_17.1,19.194719623890126
31.2,3.1,81,0.7654324983463965,0.05895226549879356,0.861482193409766,3.1,31.2,17.426762757412252
32.2,3.1,59,0.7985294980919848,-0.15833083398003422,0.9382794856824043,3.1,32.2,13.388284635129846
34.1_16.1,3.1,117,0.7012281766595818,1.2080016843200265,0.8713101836254986,3.1,34.1_16.1,19.315067669305805
35.2,3.1,70,0.9953773017222398,0.010261911777662702,0.965181704068021,3.1,35.2,6.711365468132094
7.2,5.1_19.3_24.2,23,0.7026851403743406,1.3157721359850574,0.7520421445175188,5.1_19.3_24.2,7.2,10.295630721039558
8.1_34.2,5.1_19.3_24.2,16,0.9703921232177288,0.44898814983899743,0.9243589993495844,5.1_19.3_24.2,8.1_34.2,1.982824645053918
9.1_17.2,5.1_19.3_24.2,137,0.8769051809560144,-0.02914165617816452,0.9651344045775708,5.1_19.3_24.2,9.1_17.2,3.6191956209336307
9.2,5.1_19.3_24.2,20,1.1785924548993223,0.10252592475948895,0.9620102916587713,5.1_19.3_24.2,9.2,4.827017015683856
12.1_5.2,5.1_19.3_24.2,45,0.8239590507871337,1.379169008255731,0.9301622529119561,12.1_5.2,5.1_19.3_24.2,5.4242768550311435
13.1_33.2,5.1_19.3_24.2,34,0.05162799935752066,10.912528398741632,0.006843446117702375,13.1_33.2,5.1_19.3_24.2,5.250894685799509
14.1,5.1_19.3_24.2,138,0.8039278401485503,1.50272406259597,0.9190621084676788,14.1,5.1_19.3_24.2,4.393713190377589
15.1,5.1_19.3_24.2,56,2.2775864818110385,-0.0657653012502274,0.8445694261752537,15.1,5.1_19.3_24.2,11.488341244184214
18.1_26.1,5.1_19.3_24.2,109,0.7824786003720557,0.6838502222198025,0.8426240917528635,18.1_26.1,5.1_19.3_24.2,7.937685927443782
20.2,5.1_19.3_24.2,17,1.0143967411474444,0.5522106109459329,0.9209746445504753,20.2,5.1_19.3_24.2,4.847646304352731
21.1,5.1_19.3_24.2,117,0.9476869388756702,0.41614488896913965,0.9763607508579932,21.1,5.1_19.3_24.2,3.950155675017782
22.1,5.1_19.3_24.2,130,0.715959525585409,2.093371077533353,0.8550593402766863,22.1,5.1_19.3_24.2,5.633337366271805
23.1,5.1_19.3_24.2,110,0.92734793499628565,0.13540321749204776,0.8856558534210294,23.1,5.1_19.3_24.2,8.137829527498726
24.1_1.2,5.1_19.3_24.2,100,0.9981481485064486,1.0104784122233166,0.9551682546539536,24.1_1.2,5.1_19.3_24.2,13.199636835475811
25.1,5.1_19.3_24.2,24,1.0931243435422981,0.18921521571534813,0.9818357340679279,25.1,5.1_19.3_24.2,2.5457696946888935
27.1,5.1_19.3_24.2,17,0.9849876681574307,0.08419404977965274,0.9858500768263696,27.1,5.1_19.3_24.2,4.79593206590399
28.1,5.1_19.3_24.2,47,5.6562098290347,-6.300880173783215,0.9090574259901724,28.1,5.1_19.3_24.2,3.191915727773041
29.1,5.1_19.3_24.2,138,0.8854269994974437,0.2604710721109247,0.9339147244251327,29.1,5.1_19.3_24.2,13.187602625942358
31.2,5.1_19.3_24.2,23,0.894273043712295,-0.32349330201401993,0.9706493242085501,31.2,5.1_19.3_24.2,3.3917324606312635
32.2,5.1_19.3_24.2,23,0.8166827110212933,0.06783931120539541,0.9720164679902282,32.2,5.1_19.3_24.2,3.2147235106457352
34.1_16.1,5.1_19.3_24.2,67,0.6767222941699871,2.9586338576540863,0.8699785267127357,34.1_16.1,5.1_19.3_24.2,5.52687812008256
35.2,5.1_19.3_24.2,23,0.9908799277345656,0.6555222167017007,0.9562813299043335,35.2,5.1_19.3_24.2,9.699183886015822
9.1_17.2,7.1_4.1,13,0.7043185189489309,2.874721531868496,0.9374961193423295,7.1_4.1,9.1_17.2,1.7143210741750328
12.1_5.2,7.1_4.1,36,0.7020523997388072,1.897913992091258,0.8962278165007741,12.1_5.2,7.1_4.1,2.973302773544435
13.1_33.2,7.1_4.1,34,0.5398906308101719,2.5896929908147444,0.5469949328535427,13.1_33.2,7.1_4.1,2.8220086695717472
18.1_26.1,7.1_4.1,32,1.473959346456162,-3.1623638147432733,0.9079751196482315,18.1_26.1,7.1_4.1,5.859387381706464
20.1,7.1_4.1,12,1.0842043225221252,0.05263474476775072,0.7221424342127868,20.1,7.1_4.1,15.670537487100917
21.1,7.1_4.1,38,0.8959703259527464,0.7402263334019424,0.9317287114978671,21.1,7.1_4.1,4.930666352655471
23.1,7.1_4.1,42,1.066495927067192,-1.0866878236606308,0.7624943338377744,23.1,7.1_4.1,10.332468757047554
24.1_1.2,7.1_4.1,43,0.8844612421278956,1.4456486001742133,0.8839488355648685,24.1_1.2,7.1_4.1,13.00662894302925
28.1,7.1_4.1,37,0.8557060896555335,0.5635513977996532,0.8850755023011401,28.1,7.1_4.1,2.0358689768087346
8.1_34.2,7.2,19,1.1451713035012983,-0.7867402392497646,0.9616934072121457,7.2,8.1_34.2,9.341956475744682
9.1_17.2,7.2,65,0.8799041491564673,0.4722731462205385,0.7945586511240634,7.2,9.1_17.2,12.768762412571634
9.2,7.2,43,1.4044575029976907,0.4424686566234599,0.865734072373302,7.2,9.2,12.371814739465055
12.1_5.2,7.2,20,1.0669691189582822,0.6693231528398612,0.845376848029576,12.1_5.2,7.2,15.259015086592255
13.1_33.2,7.2,32,0.2816217863114483,4.925131182163991,0.2936343673991662,13.1_33.2,7.2,15.245114858591828
14.1,7.2,72,0.9065591761438551,0.6813834952225938,0.79046470282408,14.1,7.2,9.449559277483962
15.1,7.2,69,2.916411106912776,-2.0194571774202044,0.8053462872733623,15.1,7.2,12.720420127825477
18.1_26.1,7.2,72,0.876078172735942,0.8075961330495111,0.8409724262419499,18.1_26.1,7.2,18.228743487676816
20.2,7.2,40,1.2295292989054991,0.5397944876542947,0.8238803847440943,20.2,7.2,10.969480307002902
21.1,7.2,61,0.9731685239505159,0.6714373369570468,0.8243312914702312,21.1,7.2,8.48615481024974
22.1,7.2,62,0.9179491165533173,0.6475951993222203,0.89881951821864,22.1,7.2,15.3503493635634
23.1,7.2,24,0.9584232789892276,0.4064913671842185,0.8954640088024362,23.1,7.2,2.1593174877224213
28.1,7.2,70,5.787991681326899,-5.889266151554333,0.8292166461058151,28.1,7.2,13.449883133575566
29.1,7.2,70,0.9148109291008066,0.6224612141635847,0.8617927515616904,29.1,7.2,22.966402737136804
31.2,7.2,66,0.9172709752715951,0.36317620339843776,0.8667408819558635,31.2,7.2,13.66672784409166
32.2,7.2,51,0.9391451892133896,0.30533364038904975,0.8428446572425812,32.2,7.2,7.673413827664993
34.1_16.1,7.2,42,0.9637698490345938,0.4313651182828743,0.7715722191943766,34.1_16.1,7.2,15.81941361233925
35.2,7.2,54,1.1698051837679753,0.6997976124133667,0.8364202128741864,35.2,7.2,12.00069469062085
9.1_17.2,8.1_34.2,53,0.8303527528624327,1.5183493009859148,0.7229244236405549,8.1_34.2,9.1_17.2,5.6008756283011865
12.1_5.2,8.1_34.2,11,0.935733220158904,0.16254049236530518,0.942963995694563,12.1_5.2,8.1_34.2,7.247090387644016
13.1_33.2,8.1_34.2,15,0.501452270861155,2.012873395197676,0.5416591997768602,13.1_33.2,8.1_34.2,7.0063905600042755
14.1,8.1_34.2,37,0.7148974442724381,1.8019431658150913,0.8638409916548777,14.1,8.1_34.2,5.716991251222317
15.1,8.1_34.2,33,2.0099540932856215,0.2399533354181689,0.7565123335351991,15.1,8.1_34.2,12.792648401161001
18.1_26.1,8.1_34.2,65,0.6381157138509689,1.743624111396104,0.8338983187334629,18.1_26.1,8.1_34.2,9.250569146983244
20.1,8.1_34.2,29,1.0251744250556156,-0.29525234256141597,0.8466872260004322,20.1,8.1_34.2,16.514365262390612
20.2,8.1_34.2,24,1.1040071511845326,0.5892885744553009,0.926629700238629,20.2,8.1_34.2,6.5096251119157
21.1,8.1_34.2,63,0.9649835239585803,0.31041276582631516,0.9373722678400128,21.1,8.1_34.2,4.956235200579734
22.1,8.1_34.2,35,0.585294268048883,2.189484871792442,0.840281806028304,22.1,8.1_34.2,6.013477885790409
23.1,8.1_34.2,64,1.1191986401240923,-0.5356676985786185,0.8536723536882773,23.1,8.1_34.2,7.244546901830795
24.1_1.2,8.1_34.2,43,1.0461169359121185,0.6639972754656462,0.8947130547735483,24.1_1.2,8.1_34.2,14.469370941465705
27.1,8.1_34.2,14,1.0068727154020432,0.19067062525839434,0.9640704130210712,27.1,8.1_34.2,6.730759090895233
28.1,8.1_34.2,44,0.7215163875433338,3.091472744539661,0.6447215513333103,28.1,8.1_34.2,4.381042579216702
29.1,8.1_34.2,35,0.6863104270876492,1.5962046070498737,0.8702273686573438,29.1,8.1_34.2,13.653523373464528
30.1_17.1,8.1_34.2,20,1.0081853932729343,-0.24211888985395305,0.9483689096269509,30.1_17.1,8.1_34.2,7.215464470134242
31.2,8.1_34.2,15,0.6662132163792934,1.1927156585898062,0.9201051288878086,31.2,8.1_34.2,4.925400929173256
34.1_16.1,8.1_34.2,16,0.6875210290192324,1.1103548819321587,0.7918759550153878,34.1_16.1,8.1_34.2,6.773127807822154
9.2,9.1_17.2,54,1.4863521917718867,0.37088452822045576,0.9578016819227957,9.1_17.2,9.2,2.0179509181024535
12.1_5.2,9.1_17.2,113,0.9348151614785192,0.5939426517260706,0.9042980369325151,12.1_5.2,9.1_17.2,2.6107775830045523
13.1_33.2,9.1_17.2,84,0.3517820362867169,6.202924987219882,0.3607775517555979,13.1_33.2,9.1_17.2,2.782031648554542
14.1,9.1_17.2,224,0.9614855286426105,1.353000970460965,0.9221362357606577,14.1,9.1_17.2,4.037753547317892
15.1,9.1_17.2,119,3.292465565869476,-2.1946091628073936,0.8225636197981757,15.1,9.1_17.2,9.863255679492596
18.1_26.1,9.1_17.2,266,0.8381314572403069,0.5976214710693362,0.8973767561244615,18.1_26.1,9.1_17.2,6.337633885602389
20.1,9.1_17.2,77,0.8768116353458653,-0.055335856860659505,0.7266207367285078,20.1,9.1_17.2,14.356920806502124
20.2,9.1_17.2,53,1.2926227218961155,0.4609113096409474,0.9376790647396316,20.2,9.1_17.2,3.2060414141607243
21.1,9.1_17.2,264,1.020616726264387,0.1047774830472621,0.8744226517619225,21.1,9.1_17.2,4.547059246842094
22.1,9.1_17.2,216,0.8831196715443854,1.664455059370178,0.8874766455676499,22.1,9.1_17.2,6.496611510492322
23.1,9.1_17.2,250,0.8767871250183659,0.8920649578361304,0.7874729280895083,23.1,9.1_17.2,10.659924153279414
24.1_1.2,9.1_17.2,205,1.0571110949185043,0.5702704639811257,0.8705414303009581,24.1_1.2,9.1_17.2,11.561673940756327
25.1,9.1_17.2,38,1.2436963751480894,0.01308303190890985,0.9122707482664383,25.1,9.1_17.2,4.908535974462716
27.1,9.1_17.2,53,1.1084072434641057,-1.2710574804833406,0.9502066070874303,27.1,9.1_17.2,1.7257016809467731
28.1,9.1_17.2,169,0.40110859592790854,7.244753755598358,0.1775637342978228,28.1,9.1_17.2,3.6248959583113143
29.1,9.1_17.2,223,0.992659350031837,0.644401583569717,0.9307853902279809,29.1,9.1_17.2,12.938137837328469
30.1_17.1,9.1_17.2,43,0.7291187280584409,0.15130955328163692,0.8766343935762466,30.1_17.1,9.1_17.2,4.589506859471424
31.2,9.1_17.2,76,1.0681900956178179,-0.17376485251127188,0.9311464281514606,31.2,9.1_17.2,2.7798013280108536
32.2,9.1_17.2,60,1.0828835866277797,-0.21772510730093989,0.9113056857176783,32.2,9.1_17.2,5.099734050294363
34.1_16.1,9.1_17.2,113,0.8578162797684199,2.0371848766166023,0.9023249097951754,34.1_16.1,9.1_17.2,4.627766625145446
35.2,9.1_17.2,68,1.3103210116038302,0.3889538730076558,0.908526791883749,35.2,9.1_17.2,8.022998675846946
12.1_5.2,9.2,21,0.7320199822160035,0.2178927991139262,0.9801116642953204,12.1_5.2,9.2,4.114511767154571
13.1_33.2,9.2,22,0.256565926380823,3.217708518348036,0.3532895032942695,13.1_33.2,9.2,4.454358525381738
14.1,9.2,55,0.6830196597843345,0.01837439151286998,0.9423341984631333,14.1,9.2,2.9760817682280143
15.1,9.2,53,2.114878260197173,-1.630186560057742,0.9492980392908204,15.1,9.2,7.865289126396493
18.1_26.1,9.2,55,0.6476966411348982,0.21143775658467762,0.9707459125983039,18.1_26.1,9.2,8.040254482080604
20.2,9.2,28,0.8522184375112298,0.20516532045214156,0.9740243166442019,20.2,9.2,1.6054376299196336
21.1,9.2,47,0.6865884066996668,0.10986182948192831,0.9594443853570721,21.1,9.2,3.8871922180469984
22.1,9.2,47,0.6746485872371883,0.26675168433040625,0.9395388467071035,22.1,9.2,8.508051859935575
28.1,9.2,55,4.155460718115856,-4.590490281877012,0.9175669760007441,28.1,9.2,5.610025915496071
29.1,9.2,54,0.6191616124765078,0.22030506367530447,0.9155813744985033,29.1,9.2,14.842081056668011
31.2,9.2,54,0.6567684921965463,0.10482885098872416,0.9267184092356925,31.2,9.2,4.796367538658089
32.2,9.2,46,0.6658802997148562,0.06285117052250934,0.952745535655735,32.2,9.2,5.010655195710874
34.1_16.1,9.2,33,0.693371903644529,0.014153441093619153,0.935567424949706,34.1_16.1,9.2,6.576525708795844
35.2,9.2,54,0.8518283539059395,0.21796278518814452,0.9755051236045953,35.2,9.2,6.032512041359892
23.1,11.1_32.1_18.2,10,0.8779351301352772,-0.18988536535672845,0.9424258283554319,11.1_32.1_18.2,23.1,12.510974953772399
24.1_1.2,11.1_32.1_18.2,10,0.977897876795564,0.513290472718283,0.9908766468771149,11.1_32.1_18.2,24.1_1.2,1.3364441036392198
13.1_33.2,12.1_5.2,66,0.6201208065093912,3.923900318584402,0.31528563067132265,12.1_5.2,13.1_33.2,0.5297132889477859
14.1,12.1_5.2,76,0.9833594834603614,0.07474388674529973,0.959838692061309,12.1_5.2,14.1,6.62441799687504
15.1,12.1_5.2,21,2.949663937622719,-3.0898679105271674,0.871067526211806,12.1_5.2,15.1,11.776373507677851
18.1_26.1,12.1_5.2,135,0.8148571921159805,1.3374209478826722,0.9503018415159384,12.1_5.2,18.1_26.1,3.9369269853940994
20.1,12.1_5.2,57,1.101955974616482,0.2858149075916106,0.8955709341438205,12.1_5.2,20.1,16.390335334127435
20.2,12.1_5.2,10,1.0466754458994931,0.7072845539457117,0.8168798901548789,12.1_5.2,20.2,5.6140526174924466
21.1,12.1_5.2,146,1.0538500145919618,-0.34677451983834695,0.9306397080818847,12.1_5.2,21.1,7.155082648669699
22.1,12.1_5.2,79,0.8869204470180004,1.223762773539076,0.9280570470270701,12.1_5.2,22.1,5.675288278693629
23.1,12.1_5.2,153,0.9622839940127358,0.15004150791978807,0.8081134741074079,12.1_5.2,23.1,13.124803017277621
24.1_1.2,12.1_5.2,154,1.1026213032129037,0.2533851556568459,0.9626641962059246,12.1_5.2,24.1_1.2,13.409182475487583
25.1,12.1_5.2,25,1.0929652587028256,0.6527199629383481,0.9580344871823651,12.1_5.2,25.1,7.293431229739726
27.1,12.1_5.2,34,1.1833740621469753,-0.7275003736036483,0.9720632669871911,12.1_5.2,27.1,3.7097686880871055
28.1,12.1_5.2,143,0.6978826938228783,4.045795762104076,0.6386435364873666,12.1_5.2,28.1,3.5834513001303083
29.1,12.1_5.2,78,1.0665450510767267,-1.157294505931336,0.9241909045918265,12.1_5.2,29.1,10.87937302213536
30.1_17.1,12.1_5.2,29,0.7282334805463527,3.8364809087557505,0.82030135638457,12.1_5.2,30.1_17.1,2.6601801322270786
31.2,12.1_5.2,21,0.8019874205270517,0.7035815975838969,0.9118487452623878,12.1_5.2,31.2,2.6096554300223973
32.2,12.1_5.2,20,0.8802765673844477,-0.13232321171205877,0.9368286322458572,12.1_5.2,32.2,7.594951163021605
34.1_16.1,12.1_5.2,53,0.8000371251705105,1.7613259890381514,0.937682341194763,12.1_5.2,34.1_16.1,2.989452367965362
35.2,12.1_5.2,21,1.1380372305794815,0.13304066570352055,0.9306967817023492,12.1_5.2,35.2,9.992465651380925
14.1,13.1_33.2,51,0.911862913155764,3.628334504616928,0.1586095490374677,13.1_33.2,14.1,6.819670512503157
15.1,13.1_33.2,36,4.287766512300215,0.640775457248609,0.3078559614429045,13.1_33.2,15.1,12.197071851311609
18.1_26.1,13.1_33.2,121,0.574163454961889,4.891576654420716,0.2054084374424561,13.1_33.2,18.1_26.1,3.5952814518739236
20.1,13.1_33.2,50,0.9165469199711306,1.6287386660839747,0.8930565888823487,13.1_33.2,20.1,16.79564321279713
20.2,13.1_33.2,12,1.0386464504118702,14.184596303637472,0.1546216112949653,13.1_33.2,20.2,5.899023988742186
21.1,13.1_33.2,116,0.9903731245667496,1.576239459697254,0.2972913159031586,13.1_33.2,21.1,7.277828904833238
22.1,13.1_33.2,38,0.8787246942187966,3.794822042980691,0.1566582187727989,13.1_33.2,22.1,5.150281855054851
23.1,13.1_33.2,107,0.9445645612132851,-0.06645089851115289,0.35173916660328136,13.1_33.2,23.1,13.100110543207547
24.1_1.2,13.1_33.2,96,0.6012585800762883,3.388772769268775,0.4051931318082498,13.1_33.2,24.1_1.2,13.842841874567167
27.1,13.1_33.2,22,0.877005263804819,2.0110774036442596,0.8510467546662298,13.1_33.2,27.1,4.058268569562017
28.1,13.1_33.2,125,0.4825869353554185,7.371775007704151,0.10822313512430444,13.1_33.2,28.1,3.1572011367036863
29.1,13.1_33.2,50,0.2340880303765662,10.945219212419893,0.022355581457410033,13.1_33.2,29.1,10.447471617878183
30.1_17.1,13.1_33.2,22,0.8734384424841213,2.2015045953195647,0.8665854917783634,13.1_33.2,30.1_17.1,2.161342069498332
31.2,13.1_33.2,36,1.6556627555197625,0.960886079869595,0.4556176523072645,13.1_33.2,31.2,2.223772427495513
32.2,13.1_33.2,35,1.642944319365606,1.564831411250467,0.43683729009983846,13.1_33.2,32.2,7.6089497400328625
34.1_16.1,13.1_33.2,25,1.2762150854346022,-0.030075377366429724,0.24468280903844397,13.1_33.2,34.1_16.1,2.465735747496328
35.2,13.1_33.2,33,1.846068026981201,3.193280961270662,0.39816417403876286,13.1_33.2,35.2,10.39968909530503
15.1,14.1,128,3.0312909958995204,-2.503385714619199,0.879463322456479,14.1,15.1,7.118218259942945
18.1_26.1,14.1,194,0.8488644810196686,0.5298419692773202,0.8577456818681242,14.1,18.1_26.1,10.351659628528353
20.2,14.1,62,1.2045121040060387,-0.22789609275319764,0.9442512278031839,14.1,20.2,1.5275602783134372
21.1,14.1,198,1.078911739885966,-0.3991862165443415,0.9319717856895187,14.1,21.1,1.1153438107789324
22.1,14.1,220,0.9030067189401801,0.4654712278698298,0.9299975830267115,14.1,22.1,9.593065499169825
23.1,14.1,173,1.0262724930270997,-0.37701663497028876,0.8285972824753183,14.1,23.1,7.5157786817027015
24.1_1.2,14.1,123,1.1312118010572416,0.3397895947680276,0.9270812086461806,14.1,24.1_1.2,8.820034675266164
25.1,14.1,32,1.0825889483852569,1.5417849396798997,0.9441764672102949,14.1,25.1,3.1393093394393548
27.1,14.1,22,1.2326222054090747,-1.1711964360046994,0.9389444015301456,14.1,27.1,3.3265266872625396
28.1,14.1,115,5.939206380730171,-6.081294799439096,0.8810573789260943,14.1,28.1,6.707349641145953
29.1,14.1,228,1.0076530075705525,-0.36457041807845403,0.9169864166502955,14.1,29.1,16.702350220195953
31.2,14.1,83,0.9221208323408089,0.4522985039204487,0.9295897371896998,14.1,31.2,6.2535258428027065
32.2,14.1,61,0.9359615022226629,0.5487643576063845,0.952464603894116,14.1,32.2,2.6474001445776727
34.1_16.1,14.1,118,0.9008531575067465,0.6351930327168809,0.9395252650241929,14.1,34.1_16.1,8.426955129231285
35.2,14.1,71,1.1510817058402245,0.7545106816251994,0.9594791955652009,14.1,35.2,5.367640104618457
18.1_26.1,15.1,126,0.22212959812514063,1.451819308710939,0.7627849431247331,15.1,18.1_26.1,15.679884444976222
20.2,15.1,61,0.3867737671998657,1.0061337853882226,0.8583608428487295,15.1,20.2,6.868934093772134
21.1,15.1,115,0.3157572054787311,1.055153059255468,0.874066277234162,15.1,21.1,7.852173954948462
22.1,15.1,119,0.2497425725991542,1.345375535034326,0.7804392695574895,15.1,22.1,16.267194307800494
23.1,15.1,75,0.28998860506204327,1.2568286793639893,0.7954096675682567,15.1,23.1,11.680567406165952
24.1_1.2,15.1,27,0.39475331536197933,1.220426776529099,0.788365871342314,15.1,24.1_1.2,1.7226343418020362
28.1,15.1,82,1.91467545744783,-1.1838900129601704,0.8819916231254813,15.1,28.1,13.325689516732407
29.1,15.1,124,0.28586407795758834,1.1343490902703663,0.8107471668524355,15.1,29.1,22.644372215769238
31.2,15.1,80,0.28317062107807067,1.129878073994742,0.8721162325996542,15.1,31.2,12.61013731883284
32.2,15.1,58,0.2953992773085131,1.057682706621669,0.9148180771401146,15.1,32.2,9.324202848062882
34.1_16.1,15.1,53,0.2805808018796719,1.0574507350952647,0.8754057856848612,15.1,34.1_16.1,14.435054199086222
35.2,15.1,69,0.3675634602518273,1.0968833819262676,0.9500817395889756,15.1,35.2,1.8467118865480978
20.1,18.1_26.1,99,1.310557758245379,-0.9974993271728142,0.8122745217979536,18.1_26.1,20.1,20.308981331177275
20.2,18.1_26.1,62,1.2929140912167814,0.33564931792116826,0.9098072155247783,18.1_26.1,20.2,9.492556529067455
21.1,18.1_26.1,290,1.1295037994304309,0.03997497664921603,0.873818507053281,18.1_26.1,21.1,10.703208808681264
22.1,18.1_26.1,186,1.0003356973565987,0.6925888260200332,0.9182748159115129,18.1_26.1,22.1,4.637566247879967
23.1,18.1_26.1,278,0.9608394326893697,1.1552396808874887,0.8039425313969824,18.1_26.1,23.1,16.069654259626883
24.1_1.2,18.1_26.1,224,1.1588580876391612,0.8806740769686098,0.8648238974021317,18.1_26.1,24.1_1.2,17.28877327061585
25.1,18.1_26.1,23,1.3094747407408875,0.13815469846480127,0.9282196996027517,18.1_26.1,25.1,10.307872307119428
27.1,18.1_26.1,48,1.2550187202049456,-1.0093959448339727,0.9725714997629002,18.1_26.1,27.1,7.639279118065501
28.1,18.1_26.1,233,0.7498659052716624,4.953404334260682,0.44605111772193456,18.1_26.1,28.1,4.874007250286684
29.1,18.1_26.1,193,1.043489133245501,0.4492648091218038,0.8774303365031297,18.1_26.1,29.1,7.081767234770234
30.1_17.1,18.1_26.1,54,0.9853162435336856,0.9032575045310254,0.8724150314795872,18.1_26.1,30.1_17.1,2.0709657346438015
31.2,18.1_26.1,81,1.0192659118883038,-0.22325392500375196,0.9603678134375778,18.1_26.1,31.2,4.565834188195319
32.2,18.1_26.1,59,1.0259237202400278,-0.3531735654340778,0.9652488175583886,18.1_26.1,32.2,10.791036091964314
34.1_16.1,18.1_26.1,82,0.9643951815102706,0.5901561899175299,0.9511499923469735,18.1_26.1,34.1_16.1,2.4781620172090766
35.2,18.1_26.1,69,1.2479804073387346,0.30515437150513547,0.9503203316543503,18.1_26.1,35.2,13.913369704308673
21.1,20.1,95,0.855181621017051,0.6474721346612418,0.9138489698697337,20.1,21.1,11.617694553066087
23.1,20.1,112,0.545743778505403,3.0942910975876434,0.6642564960760573,20.1,23.1,13.524352505838573
24.1_1.2,20.1,104,0.9067953954737356,1.1197396628360297,0.9643039919020969,20.1,24.1_1.2,3.2474982007114033
27.1,20.1,31,0.9489374412162825,0.5875999220187433,0.974039397840535,20.1,27.1,12.771564712523187
28.1,20.1,85,0.6579107613023922,1.711621419225228,0.8731213794220883,20.1,28.1,17.688397113163578
30.1_17.1,20.1,49,0.6020663345400055,2.920493141153522,0.7537751637670579,20.1,30.1_17.1,18.867176795098118
21.1,20.2,55,0.8265221967694486,0.17378597897645803,0.9682533107240209,20.2,21.1,2.594114687200784
22.1,20.2,58,0.718303708818773,0.6066496855175922,0.8341586615840871,20.2,22.1,9.414917168952778
23.1,20.2,38,0.8463650665511664,0.08737407566573442,0.9332306508088288,20.2,23.1,9.043314181059943
28.1,20.2,49,4.781094533806995,-5.125099067884139,0.9076406563124821,20.2,28.1,6.471526453060793
29.1,20.2,58,0.7597943555484847,0.34154845634169406,0.9217479292507567,20.2,29.1,16.138743098580537
31.2,20.2,44,0.8108610345307963,-0.1762637490892981,0.9267398856304158,20.2,31.2,5.8176753295418715
32.2,20.2,23,0.7665885576518497,0.30509246376966226,0.9623393946536998,20.2,32.2,3.9917601745976623
34.1_16.1,20.2,33,0.7425538646070469,0.11504626730084425,0.883257187951633,20.2,34.1_16.1,7.821618215482052
35.2,20.2,35,0.9697052115808401,0.2416704381341346,0.9687258002113668,20.2,35.2,5.027374479975133
22.1,21.1,193,0.7645905086773712,1.5832010174378108,0.8498665808532705,21.1,22.1,9.442463271137305
23.1,21.1,285,0.8260589996174378,1.1512665835974834,0.8453170662290979,21.1,23.1,6.494860811354321
24.1_1.2,21.1,240,1.0197155601805463,0.9378013619063909,0.9570588937797192,21.1,24.1_1.2,9.517344383844275
25.1,21.1,27,1.2254769997624018,-0.23725751878093126,0.9062302046731985,21.1,25.1,2.179982125216779
27.1,21.1,52,1.0163864737812471,0.5370703168160958,0.9785871808657068,21.1,27.1,4.191144589682836
28.1,21.1,213,0.6559692866840341,4.9724691206823435,0.442110740309054,21.1,28.1,6.665369193237731
29.1,21.1,195,0.9291001647220318,0.07461670536747186,0.9407381600206345,21.1,29.1,16.77406078251542
30.1_17.1,21.1,44,0.8428993775617976,1.5426939389900325,0.931020352097886,21.1,30.1_17.1,8.758856590157892
31.2,21.1,72,0.871322192083115,0.45212097058299455,0.9247542027210828,21.1,31.2,6.373135007496809
32.2,21.1,50,0.9033492696490341,0.23493589273782114,0.9523576676129395,21.1,32.2,1.581280243357075
34.1_16.1,21.1,97,0.7451070855869094,2.142282202259287,0.8834164733876021,21.1,34.1_16.1,8.61295548691169
35.2,21.1,62,1.0865374662068943,0.9940557755528612,0.9282874312854664,21.1,35.2,6.186121291435436
23.1,22.1,175,1.0366614832496022,0.47049437583003284,0.7250947926976284,22.1,23.1,13.257870694246018
24.1_1.2,22.1,126,1.1560425405825754,1.0308164540486366,0.8385744513272038,22.1,24.1_1.2,17.98272384480752
25.1,22.1,31,1.0422185939465334,2.2563116862412027,0.9200101555871568,22.1,25.1,8.14976987042655
27.1,22.1,23,1.423233475125182,-2.7598909614032667,0.9112163819854798,22.1,27.1,8.21964633321698
28.1,22.1,102,5.808134700981546,-5.974412529916207,0.9114446004249296,22.1,28.1,2.9434590914417087
29.1,22.1,218,1.091540242838978,-0.6000249967624283,0.9071875846322324,22.1,29.1,7.65329295780733
31.2,22.1,74,0.9219901028420586,0.12627528258127413,0.9591940146705786,22.1,31.2,3.7213628999257606
32.2,22.1,51,0.9241461939779886,0.007681813739815311,0.9586171019539287,22.1,32.2,8.845859279700342
34.1_16.1,22.1,110,0.9580731099116453,-0.00657562970866979,0.9641781303801481,22.1,34.1_16.1,2.8960188116488585
35.2,22.1,61,1.1353471497651473,0.611706063159129,0.9288924750663514,22.1,35.2,14.420607004959122
24.1_1.2,23.1,280,1.044381565343729,1.5000858107351729,0.8019835333741466,23.1,24.1_1.2,12.89351746410383
25.1,23.1,35,1.1498489363155115,1.1845401771915365,0.8279755682490382,23.1,25.1,5.842919438222674
27.1,23.1,65,0.8766114419966252,2.0335182104484106,0.8365308628349846,23.1,27.1,10.658512035604863
28.1,23.1,198,0.7184260126503336,3.8081474742529737,0.6068842521746158,23.1,28.1,11.297768863359817
29.1,23.1,171,0.8699414728088485,1.272618246276165,0.8401851677557538,23.1,29.1,20.89428486959989
30.1_17.1,23.1,53,1.0486159242416722,0.1378307595553167,0.731462089900214,23.1,30.1_17.1,14.000283048995785
31.2,23.1,29,0.8754029026162736,0.0599142307647778,0.8883731118633874,23.1,31.2,11.507414620853828
34.1_16.1,23.1,82,0.6441267360301073,4.4400670829039655,0.6798526765901289,23.1,34.1_16.1,13.662953223538368
35.2,23.1,17,1.2217137917281597,0.294765087632593,0.9668655944038185,23.1,35.2,10.707576716988706
25.1,24.1_1.2,34,0.9842054107350348,0.6024256394641013,0.9460073191091347,24.1_1.2,25.1,11.663790499405298
27.1,24.1_1.2,63,0.9633966591586873,-0.15074954342826077,0.9721788916420767,24.1_1.2,27.1,9.900462687024328
28.1,24.1_1.2,162,0.6941514525457586,2.469869832659289,0.6205659049232886,24.1_1.2,28.1,15.042385957492774
29.1,24.1_1.2,126,0.8945872051038783,-0.6864285272467522,0.9259896919968668,24.1_1.2,29.1,24.28738582926753
30.1_17.1,24.1_1.2,49,0.909776902054297,-0.0793422580473276,0.8685894550271439,24.1_1.2,30.1_17.1,15.959702518915815
34.1_16.1,24.1_1.2,65,0.6926578561608899,2.260878891574201,0.8761026454923405,24.1_1.2,34.1_16.1,16.112770185485434
27.1,25.1,19,0.9282866154764721,0.1005900108305414,0.9722603912007394,25.1,27.1,5.300865703025552
28.1,25.1,20,0.3532490819811949,5.5860313542281546,0.14468476480721143,25.1,28.1,5.707314101907159
29.1,25.1,31,0.8793320976620115,-0.9602984609993054,0.9250070666870468,25.1,29.1,15.731620473382733
34.1_16.1,25.1,22,0.765061130301514,-0.053940903214503,0.9222091668073776,25.1,34.1_16.1,7.971281553845632
28.1,27.1,35,0.7556214757625599,0.6227194538044897,0.9736341299286455,27.1,28.1,5.347680238182223
29.1,27.1,23,0.9271158344039151,0.03592701143806146,0.9845576649220438,27.1,29.1,14.463297758397394
30.1_17.1,27.1,16,0.8803880964440609,0.39063644273203,0.9269110870972809,27.1,30.1_17.1,6.095643286989964
34.1_16.1,27.1,14,0.5045636740847446,4.7886724668635425,0.960428589372846,27.1,34.1_16.1,6.216367764728696
29.1,28.1,111,0.13680923936733963,1.2948118716049106,0.8309648588135558,28.1,29.1,10.123420333298018
30.1_17.1,28.1,45,1.0164115818210926,1.6496144225335445,0.9302723263442658,28.1,30.1_17.1,2.835538173820348
31.2,28.1,80,0.15223444957556093,1.1650716208291265,0.9114847540133499,28.1,31.2,1.013556715109451
32.2,28.1,58,0.15159807287348265,1.1714734775715943,0.9164463303241634,28.1,32.2,6.312198056710383
34.1_16.1,28.1,71,0.14252619692219165,1.2238120782590858,0.9030052929325237,28.1,34.1_16.1,2.402172274875795
35.2,28.1,68,0.18056009863940364,1.3030271562511349,0.8969341011101811,28.1,35.2,11.479333475222466
31.2,29.1,79,0.9761244922687731,0.16370279501542134,0.9243451096160565,29.1,31.2,10.449539226793199
32.2,29.1,60,0.9390037983482201,0.4409237723401694,0.9184607983340333,29.1,32.2,16.390392371634476
34.1_16.1,29.1,115,0.8053528876326524,2.0098756662286594,0.9134920804919131,29.1,34.1_16.1,8.31881012976135
35.2,29.1,67,1.1575167602180334,0.9889755737991753,0.8754974312956761,29.1,35.2,20.841778214647434
32.2,31.2,60,0.993139827800752,0.05525446590208621,0.9467618470196238,31.2,32.2,6.264032366649935
34.1_16.1,31.2,47,1.076609881252804,-0.4327969851122898,0.9598323079912575,31.2,34.1_16.1,2.2563628682748123
35.2,31.2,70,1.1778043922839003,0.8804116549083293,0.9005002997336652,31.2,35.2,10.76491911357647
34.1_16.1,32.2,36,1.0049001618635836,0.22461648791378896,0.9610499125313706,32.2,34.1_16.1,8.510477887281018
35.2,32.2,57,1.1919249546353157,0.7382463103325669,0.96225701788299145,32.2,35.2,7.712902593158887
35.2,34.1_16.1,42,1.13751876866197,0.9028056837594751,0.935463041920202,34.1_16.1,35.2,12.60775366616216
