site_number,n,slope,intercept,r2,label
0034,142,0.8792043757488189,0.3873130290850732,0.8215336666475554,"y = 0.88x + 0.39
R² = 0.82"
0038,143,0.9897581861845136,-0.08681458206775176,0.8900477067588705,"y = 0.99x + -0.09
R² = 0.89"
0045,147,0.867236745733014,1.9260129200551737,0.6891416841687512,"y = 0.87x + 1.93
R² = 0.69"
0060,148,0.915153647287972,0.25037411604690407,0.8524609344480887,"y = 0.92x + 0.25
R² = 0.85"
0065,146,0.7164505306500597,1.339049048492566,0.7858709197512526,"y = 0.72x + 1.34
R² = 0.79"
0073,144,1.0324398518329878,0.0716494315555662,0.8409101178563968,"y = 1.03x + 0.07
R² = 0.84"
