site1,site2,lat1,lon1,lat2,lon2,distance_km
1.1,1.1,41.456319,-81.639257,41.456319,-81.639257,0
2.1,1.1,41.57947,-81.56615,41.456319,-81.639257,15.002339949577452
3.1,1.1,41.575635,-81.541699,41.456319,-81.639257,15.5737510555563
5.1_19.3_24.2,1.1,41.46274,-81.65997,41.456319,-81.639257,1.86999145518175
7.1_4.1,1.1,41.476985,-81.682376,41.456319,-81.639257,4.269612962314656
7.2,1.1,41.44539,-81.53876,41.456319,-81.639257,8.472928597230943
8.1_34.2,1.1,41.446336,-81.650709,41.456319,-81.639257,1.4656025309288108
9.1_17.2,1.1,41.49211735298013,-81.67856,41.456319,-81.639257,5.160114228731284
9.2,1.1,41.50604,-81.66306,41.456319,-81.639257,5.880133681316869
11.1_32.1_18.2,1.1,41.56206,-81.564009,41.456319,-81.639257,13.338106682073809
12.1_5.2,1.1,41.49409,-81.70976,41.456319,-81.639257,7.228918160008649
13.1_33.2,1.1,41.489571,-81.71175,41.456319,-81.639257,7.089576013670218
14.1,1.1,41.49537,-81.63033,41.456319,-81.639257,4.41043772321769
15.1,1.1,41.552492,-81.591944,41.456319,-81.639257,11.409426475048559
18.1_26.1,1.1,41.47918,-81.75257,41.456319,-81.639257,9.788589397577717
19.1,1.1,41.462862,-81.647249,41.456319,-81.639257,0.9874460008914547
19.2,1.1,41.46491,-81.59068,41.456319,-81.639257,4.1638052656565145
20.1,1.1,41.569957,-81.541194,41.456319,-81.639257,15.061302945908006
20.2,1.1,41.50459,-81.6439,41.456319,-81.639257,5.387436756184015
21.1,1.1,41.486323,-81.624582,41.456319,-81.639257,3.557258575294879
22.1,1.1,41.44404,-81.72271,41.456319,-81.639257,7.096003029410892
23.1,1.1,41.449672,-81.564,41.456319,-81.639257,6.322429892581427
24.1_1.2,1.1,41.564906,-81.579597,41.456319,-81.639257,13.070929473039506
25.1,1.1,41.46717,-81.63003,41.456319,-81.639257,1.4323371600865875
27.1,1.1,41.50541,-81.66791,41.456319,-81.639257,5.964400823508074
28.1,1.1,41.46308,-81.69823,41.456319,-81.639257,4.97707148939213
29.1,1.1,41.43498,-81.81362,41.456319,-81.639257,14.742063045314087
30.1_17.1,1.1,41.47473,-81.72846,41.456319,-81.639257,7.718200032953723
31.2,1.1,41.47218,-81.69863,41.456319,-81.639257,5.2581638862437545
32.2,1.1,41.47214,-81.62353,41.456319,-81.639257,2.19612238063149
33.1,1.1,41.4668,-81.70792,41.456319,-81.639257,5.8456802842319355
34.1_16.1,1.1,41.469970000000004,-81.72552,41.456319,-81.639257,7.354829157134805
35.1,1.1,41.463988,-81.645973,41.456319,-81.639257,1.0211429662498546
35.2,1.1,41.54031,-81.60699,41.456319,-81.639257,9.729183687711627
1.1,2.1,41.456319,-81.639257,41.57947,-81.56615,15.002339949577452
2.1,2.1,41.57947,-81.56615,41.57947,-81.56615,0
3.1,2.1,41.575635,-81.541699,41.57947,-81.56615,2.0803926629053993
5.1_19.3_24.2,2.1,41.46274,-81.65997,41.57947,-81.56615,15.165671332843907
7.1_4.1,2.1,41.476985,-81.682376,41.57947,-81.56615,14.965719606798347
7.2,2.1,41.44539,-81.53876,41.57947,-81.56615,15.099332474548447
8.1_34.2,2.1,41.446336,-81.650709,41.57947,-81.56615,16.411176075884224
9.1_17.2,2.1,41.49211735298013,-81.67856,41.57947,-81.56615,13.501644864058012
9.2,2.1,41.50604,-81.66306,41.57947,-81.56615,11.489687088915334
11.1_32.1_18.2,2.1,41.56206,-81.564009,41.57947,-81.56615,1.9462573905319516
12.1_5.2,2.1,41.49409,-81.70976,41.57947,-81.56615,15.281703402247961
13.1_33.2,2.1,41.489571,-81.71175,41.57947,-81.56615,15.727437724465418
14.1,2.1,41.49537,-81.63033,41.57947,-81.56615,10.781721511678713
15.1,2.1,41.552492,-81.591944,41.57947,-81.56615,3.692484100050361
18.1_26.1,2.1,41.47918,-81.75257,41.57947,-81.56615,19.13084305746904
19.1,2.1,41.462862,-81.647249,41.57947,-81.56615,14.63514919964548
19.2,2.1,41.46491,-81.59068,41.57947,-81.56615,12.915598010503683
20.1,2.1,41.569957,-81.541194,41.57947,-81.56615,2.332514342312717
20.2,2.1,41.50459,-81.6439,41.57947,-81.56615,10.556877507291127
21.1,2.1,41.486323,-81.624582,41.57947,-81.56615,11.45542724595717
22.1,2.1,41.44404,-81.72271,41.57947,-81.56615,19.939976778309546
23.1,2.1,41.449672,-81.564,41.57947,-81.56615,14.45015861281849
24.1_1.2,2.1,41.564906,-81.579597,41.57947,-81.56615,1.970427811061847
25.1,2.1,41.46717,-81.63003,41.57947,-81.56615,13.587646013151732
27.1,2.1,41.50541,-81.66791,41.57947,-81.56615,11.82598657151762
28.1,2.1,41.46308,-81.69823,41.57947,-81.56615,17.00157530296387
29.1,2.1,41.43498,-81.81362,41.57947,-81.56615,26.15937823151824
30.1_17.1,2.1,41.47473,-81.72846,41.57947,-81.56615,17.858243402393978
31.2,2.1,41.47218,-81.69863,41.57947,-81.56615,16.264923106740444
32.2,2.1,41.47214,-81.62353,41.57947,-81.56615,12.869376942933634
33.1,2.1,41.4668,-81.70792,41.57947,-81.56615,17.23135643192833
34.1_16.1,2.1,41.469970000000004,-81.72552,41.57947,-81.56615,18.02771643613747
35.1,2.1,41.463988,-81.645973,41.57947,-81.56615,14.474874413336686
35.2,2.1,41.54031,-81.60699,41.57947,-81.56615,5.5295214788075056
1.1,3.1,41.456319,-81.639257,41.575635,-81.541699,15.5737510555563
2.1,3.1,41.57947,-81.56615,41.575635,-81.541699,2.0803926629053993
3.1,3.1,41.575635,-81.541699,41.575635,-81.541699,0
5.1_19.3_24.2,3.1,41.46274,-81.65997,41.575635,-81.541699,15.972307497304223
7.1_4.1,3.1,41.476985,-81.682376,41.575635,-81.541699,16.063868478416996
7.2,3.1,41.44539,-81.53876,41.575635,-81.541699,14.50087683349434
8.1_34.2,3.1,41.446336,-81.650709,41.575635,-81.541699,17.02192856753213
9.1_17.2,3.1,41.49211735298013,-81.67856,41.575635,-81.541699,14.713988605660939
9.2,3.1,41.50604,-81.66306,41.575635,-81.541699,12.738550040833173
11.1_32.1_18.2,3.1,41.56206,-81.564009,41.575635,-81.541699,2.395010680704145
12.1_5.2,3.1,41.49409,-81.70976,41.575635,-81.541699,16.68895378785856
13.1_33.2,3.1,41.489571,-81.71175,41.575635,-81.541699,17.105355785960775
14.1,3.1,41.49537,-81.63033,41.575635,-81.541699,11.592220002571228
15.1,3.1,41.552492,-81.591944,41.575635,-81.541699,4.9143608958515035
18.1_26.1,3.1,41.47918,-81.75257,41.575635,-81.541699,20.594186215143658
19.1,3.1,41.462862,-81.647249,41.575635,-81.541699,15.32950203234397
19.2,3.1,41.46491,-81.59068,41.575635,-81.541699,12.9843301715574
20.1,3.1,41.569957,-81.541194,41.575635,-81.541699,0.6334696703049534
20.2,3.1,41.50459,-81.6439,41.575635,-81.541699,11.621625679152205
21.1,3.1,41.486323,-81.624582,41.575635,-81.541699,12.105878567651477
22.1,3.1,41.44404,-81.72271,41.575635,-81.541699,21.030441231480626
23.1,3.1,41.449672,-81.564,41.575635,-81.541699,14.144822473163371
24.1_1.2,3.1,41.564906,-81.579597,41.575635,-81.541699,3.3746700063880173
25.1,3.1,41.46717,-81.63003,41.575635,-81.541699,14.141683867161039
27.1,3.1,41.50541,-81.66791,41.575635,-81.541699,13.103402168741233
28.1,3.1,41.46308,-81.69823,41.575635,-81.541699,18.08877956839103
29.1,3.1,41.43498,-81.81362,41.575635,-81.541699,27.550846267055945
30.1_17.1,3.1,41.47473,-81.72846,41.575635,-81.541699,19.194719623890126
31.2,3.1,41.47218,-81.69863,41.575635,-81.541699,17.426762757412252
32.2,3.1,41.47214,-81.62353,41.575635,-81.541699,13.388284635129846
33.1,3.1,41.4668,-81.70792,41.575635,-81.541699,18.40417274494002
34.1_16.1,3.1,41.469970000000004,-81.72552,41.575635,-81.541699,19.315067669305805
35.1,3.1,41.463988,-81.645973,41.575635,-81.541699,15.165781895111246
35.2,3.1,41.54031,-81.60699,41.575635,-81.541699,6.711365468132094
1.1,5.1_19.3_24.2,41.456319,-81.639257,41.46274,-81.65997,1.86999145518175
2.1,5.1_19.3_24.2,41.57947,-81.56615,41.46274,-81.65997,15.165671332843907
3.1,5.1_19.3_24.2,41.575635,-81.541699,41.46274,-81.65997,15.972307497304223
5.1_19.3_24.2,5.1_19.3_24.2,41.46274,-81.65997,41.46274,-81.65997,0
7.1_4.1,5.1_19.3_24.2,41.476985,-81.682376,41.46274,-81.65997,2.4510203031542077
7.2,5.1_19.3_24.2,41.44539,-81.53876,41.46274,-81.65997,10.295630721039558
8.1_34.2,5.1_19.3_24.2,41.446336,-81.650709,41.46274,-81.65997,1.982824645053918
9.1_17.2,5.1_19.3_24.2,41.49211735298013,-81.67856,41.46274,-81.65997,3.6191956209336307
9.2,5.1_19.3_24.2,41.50604,-81.66306,41.46274,-81.65997,4.827017015683856
11.1_32.1_18.2,5.1_19.3_24.2,41.56206,-81.564009,41.46274,-81.65997,13.646450169531592
12.1_5.2,5.1_19.3_24.2,41.49409,-81.70976,41.46274,-81.65997,5.4242768550311435
13.1_33.2,5.1_19.3_24.2,41.489571,-81.71175,41.46274,-81.65997,5.250894685799509
14.1,5.1_19.3_24.2,41.49537,-81.63033,41.46274,-81.65997,4.393713190377589
15.1,5.1_19.3_24.2,41.552492,-81.591944,41.46274,-81.65997,11.488341244184214
18.1_26.1,5.1_19.3_24.2,41.47918,-81.75257,41.46274,-81.65997,7.937685927443782
19.1,5.1_19.3_24.2,41.462862,-81.647249,41.46274,-81.65997,1.0612885158589862
19.2,5.1_19.3_24.2,41.46491,-81.59068,41.46274,-81.65997,5.785211887966837
20.1,5.1_19.3_24.2,41.569957,-81.541194,41.46274,-81.65997,15.507008855200825
20.2,5.1_19.3_24.2,41.50459,-81.6439,41.46274,-81.65997,4.847646304352731
21.1,5.1_19.3_24.2,41.486323,-81.624582,41.46274,-81.65997,3.950155675017782
22.1,5.1_19.3_24.2,41.44404,-81.72271,41.46274,-81.65997,5.633337366271805
23.1,5.1_19.3_24.2,41.449672,-81.564,41.46274,-81.65997,8.137829527498726
24.1_1.2,5.1_19.3_24.2,41.564906,-81.579597,41.46274,-81.65997,13.199636835475811
25.1,5.1_19.3_24.2,41.46717,-81.63003,41.46274,-81.65997,2.5457696946888935
27.1,5.1_19.3_24.2,41.50541,-81.66791,41.46274,-81.65997,4.79593206590399
28.1,5.1_19.3_24.2,41.46308,-81.69823,41.46274,-81.65997,3.191915727773041
29.1,5.1_19.3_24.2,41.43498,-81.81362,41.46274,-81.65997,13.187602625942358
30.1_17.1,5.1_19.3_24.2,41.47473,-81.72846,41.46274,-81.65997,5.86684098849911
31.2,5.1_19.3_24.2,41.47218,-81.69863,41.46274,-81.65997,3.3917324606312635
32.2,5.1_19.3_24.2,41.47214,-81.62353,41.46274,-81.65997,3.2147235106457352
33.1,5.1_19.3_24.2,41.4668,-81.70792,41.46274,-81.65997,4.025379672278027
34.1_16.1,5.1_19.3_24.2,41.469970000000004,-81.72552,41.46274,-81.65997,5.52687812008256
35.1,5.1_19.3_24.2,41.463988,-81.645973,41.46274,-81.65997,1.1758727647560685
35.2,5.1_19.3_24.2,41.54031,-81.60699,41.46274,-81.65997,9.699183886015822
1.1,7.1_4.1,41.456319,-81.639257,41.476985,-81.682376,4.269612962314656
2.1,7.1_4.1,41.57947,-81.56615,41.476985,-81.682376,14.965719606798347
3.1,7.1_4.1,41.575635,-81.541699,41.476985,-81.682376,16.063868478416996
5.1_19.3_24.2,7.1_4.1,41.46274,-81.65997,41.476985,-81.682376,2.4510203031542077
7.1_4.1,7.1_4.1,41.476985,-81.682376,41.476985,-81.682376,0
7.2,7.1_4.1,41.44539,-81.53876,41.476985,-81.682376,12.486502463000237
8.1_34.2,7.1_4.1,41.446336,-81.650709,41.476985,-81.682376,4.315022301680739
9.1_17.2,7.1_4.1,41.49211735298013,-81.67856,41.476985,-81.682376,1.7143210741750328
9.2,7.1_4.1,41.50604,-81.66306,41.476985,-81.682376,3.6132341576184466
11.1_32.1_18.2,7.1_4.1,41.56206,-81.564009,41.476985,-81.682376,13.675600410436964
12.1_5.2,7.1_4.1,41.49409,-81.70976,41.476985,-81.682376,2.973302773544435
13.1_33.2,7.1_4.1,41.489571,-81.71175,41.476985,-81.682376,2.8220086695717472
14.1,7.1_4.1,41.49537,-81.63033,41.476985,-81.682376,4.7985141462843925
15.1,7.1_4.1,41.552492,-81.591944,41.476985,-81.682376,11.290293735931092
18.1_26.1,7.1_4.1,41.47918,-81.75257,41.476985,-81.682376,5.859387381706464
19.1,7.1_4.1,41.462862,-81.647249,41.476985,-81.682376,3.3251612407686966
19.2,7.1_4.1,41.46491,-81.59068,41.476985,-81.682376,7.76565198224499
20.1,7.1_4.1,41.569957,-81.541194,41.476985,-81.682376,15.670537487100917
20.2,7.1_4.1,41.50459,-81.6439,41.476985,-81.682376,4.442584095018789
21.1,7.1_4.1,41.486323,-81.624582,41.476985,-81.682376,4.930666352655471
22.1,7.1_4.1,41.44404,-81.72271,41.476985,-81.682376,4.977153925060046
23.1,7.1_4.1,41.449672,-81.564,41.476985,-81.682376,10.332468757047554
24.1_1.2,7.1_4.1,41.564906,-81.579597,41.476985,-81.682376,13.00662894302925
25.1,7.1_4.1,41.46717,-81.63003,41.476985,-81.682376,4.500776105874713
27.1,7.1_4.1,41.50541,-81.66791,41.476985,-81.682376,3.386375884403553
28.1,7.1_4.1,41.46308,-81.69823,41.476985,-81.682376,2.0358689768087346
29.1,7.1_4.1,41.43498,-81.81362,41.476985,-81.682376,11.906316982463997
30.1_17.1,7.1_4.1,41.47473,-81.72846,41.476985,-81.682376,3.8517987987587485
31.2,7.1_4.1,41.47218,-81.69863,41.476985,-81.682376,1.4573889208867348
32.2,7.1_4.1,41.47214,-81.62353,41.476985,-81.682376,4.937660547132148
33.1,7.1_4.1,41.4668,-81.70792,41.476985,-81.682376,2.4135018104727437
34.1_16.1,7.1_4.1,41.469970000000004,-81.72552,41.476985,-81.682376,3.6822896397946434
35.1,7.1_4.1,41.463988,-81.645973,41.476985,-81.682376,3.3635032292664357
35.2,7.1_4.1,41.54031,-81.60699,41.476985,-81.682376,9.443818515355277
1.1,7.2,41.456319,-81.639257,41.44539,-81.53876,8.472928597230943
2.1,7.2,41.57947,-81.56615,41.44539,-81.53876,15.099332474548447
3.1,7.2,41.575635,-81.541699,41.44539,-81.53876,14.50087683349434
5.1_19.3_24.2,7.2,41.46274,-81.65997,41.44539,-81.53876,10.295630721039558
7.1_4.1,7.2,41.476985,-81.682376,41.44539,-81.53876,12.486502463000237
7.2,7.2,41.44539,-81.53876,41.44539,-81.53876,0
8.1_34.2,7.2,41.446336,-81.650709,41.44539,-81.53876,9.341956475744682
9.1_17.2,7.2,41.49211735298013,-81.67856,41.44539,-81.53876,12.768762412571634
9.2,7.2,41.50604,-81.66306,41.44539,-81.53876,12.371814739465055
11.1_32.1_18.2,7.2,41.56206,-81.564009,41.44539,-81.53876,13.157120850605116
12.1_5.2,7.2,41.49409,-81.70976,41.44539,-81.53876,15.259015086592255
13.1_33.2,7.2,41.489571,-81.71175,41.44539,-81.53876,15.245114858591828
14.1,7.2,41.49537,-81.63033,41.44539,-81.53876,9.449559277483962
15.1,7.2,41.552492,-81.591944,41.44539,-81.53876,12.720420127825477
18.1_26.1,7.2,41.47918,-81.75257,41.44539,-81.53876,18.228743487676816
19.1,7.2,41.462862,-81.647249,41.44539,-81.53876,9.258105793246305
19.2,7.2,41.46491,-81.59068,41.44539,-81.53876,4.846207406484528
20.1,7.2,41.569957,-81.541194,41.44539,-81.53876,13.868219457315293
20.2,7.2,41.50459,-81.6439,41.44539,-81.53876,10.969480307002902
21.1,7.2,41.486323,-81.624582,41.44539,-81.53876,8.48615481024974
22.1,7.2,41.44404,-81.72271,41.44539,-81.53876,15.3503493635634
23.1,7.2,41.449672,-81.564,41.44539,-81.53876,2.1593174877224213
24.1_1.2,7.2,41.564906,-81.579597,41.44539,-81.53876,13.73313191541536
25.1,7.2,41.46717,-81.63003,41.44539,-81.53876,7.991298572905302
27.1,7.2,41.50541,-81.66791,41.44539,-81.53876,12.675638196996111
28.1,7.2,41.46308,-81.69823,41.44539,-81.53876,13.449883133575566
29.1,7.2,41.43498,-81.81362,41.44539,-81.53876,22.966402737136804
30.1_17.1,7.2,41.47473,-81.72846,41.44539,-81.53876,16.15919182160364
31.2,7.2,41.47218,-81.69863,41.44539,-81.53876,13.66672784409166
32.2,7.2,41.47214,-81.62353,41.44539,-81.53876,7.673413827664993
33.1,7.2,41.4668,-81.70792,41.44539,-81.53876,14.312824947596592
34.1_16.1,7.2,41.469970000000004,-81.72552,41.44539,-81.53876,15.81941361233925
35.1,7.2,41.463988,-81.645973,41.44539,-81.53876,9.181422963968553
35.2,7.2,41.54031,-81.60699,41.44539,-81.53876,12.00069469062085
1.1,8.1_34.2,41.456319,-81.639257,41.446336,-81.650709,1.4656025309288108
2.1,8.1_34.2,41.57947,-81.56615,41.446336,-81.650709,16.411176075884224
3.1,8.1_34.2,41.575635,-81.541699,41.446336,-81.650709,17.02192856753213
5.1_19.3_24.2,8.1_34.2,41.46274,-81.65997,41.446336,-81.650709,1.982824645053918
7.1_4.1,8.1_34.2,41.476985,-81.682376,41.446336,-81.650709,4.315022301680739
7.2,8.1_34.2,41.44539,-81.53876,41.446336,-81.650709,9.341956475744682
8.1_34.2,8.1_34.2,41.446336,-81.650709,41.446336,-81.650709,0
9.1_17.2,8.1_34.2,41.49211735298013,-81.67856,41.446336,-81.650709,5.6008756283011865
9.2,8.1_34.2,41.50604,-81.66306,41.446336,-81.650709,6.7255764437027885
11.1_32.1_18.2,8.1_34.2,41.56206,-81.564009,41.446336,-81.650709,14.771545522102244
12.1_5.2,8.1_34.2,41.49409,-81.70976,41.446336,-81.650709,7.247090387644016
13.1_33.2,8.1_34.2,41.489571,-81.71175,41.446336,-81.650709,7.0063905600042755
14.1,8.1_34.2,41.49537,-81.63033,41.446336,-81.650709,5.716991251222317
15.1,8.1_34.2,41.552492,-81.591944,41.446336,-81.650709,12.792648401161001
18.1_26.1,8.1_34.2,41.47918,-81.75257,41.446336,-81.650709,9.250569146983244
19.1,8.1_34.2,41.462862,-81.647249,41.446336,-81.650709,1.8621770374895836
19.2,8.1_34.2,41.46491,-81.59068,41.446336,-81.650709,5.418276064477394
20.1,8.1_34.2,41.569957,-81.541194,41.446336,-81.650709,16.514365262390612
20.2,8.1_34.2,41.50459,-81.6439,41.446336,-81.650709,6.5096251119157
21.1,8.1_34.2,41.486323,-81.624582,41.446336,-81.650709,4.956235200579734
22.1,8.1_34.2,41.44404,-81.72271,41.446336,-81.650709,6.013477885790409
23.1,8.1_34.2,41.449672,-81.564,41.446336,-81.650709,7.244546901830795
24.1_1.2,8.1_34.2,41.564906,-81.579597,41.446336,-81.650709,14.469370941465705
25.1,8.1_34.2,41.46717,-81.63003,41.446336,-81.650709,2.890543745095023
27.1,8.1_34.2,41.50541,-81.66791,41.446336,-81.650709,6.730759090895233
28.1,8.1_34.2,41.46308,-81.69823,41.446336,-81.650709,4.381042579216702
29.1,8.1_34.2,41.43498,-81.81362,41.446336,-81.650709,13.653523373464528
30.1_17.1,8.1_34.2,41.47473,-81.72846,41.446336,-81.650709,7.215464470134242
31.2,8.1_34.2,41.47218,-81.69863,41.446336,-81.650709,4.925400929173256
32.2,8.1_34.2,41.47214,-81.62353,41.446336,-81.650709,3.6595667619527688
33.1,8.1_34.2,41.4668,-81.70792,41.446336,-81.650709,5.2888263742945885
34.1_16.1,8.1_34.2,41.469970000000004,-81.72552,41.446336,-81.650709,6.773127807822154
35.1,8.1_34.2,41.463988,-81.645973,41.446336,-81.650709,2.0043448154817165
35.2,8.1_34.2,41.54031,-81.60699,41.446336,-81.650709,11.078093765061631
1.1,9.1_17.2,41.456319,-81.639257,41.49211735298013,-81.67856,5.160114228731284
2.1,9.1_17.2,41.57947,-81.56615,41.49211735298013,-81.67856,13.501644864058012
3.1,9.1_17.2,41.575635,-81.541699,41.49211735298013,-81.67856,14.713988605660939
5.1_19.3_24.2,9.1_17.2,41.46274,-81.65997,41.49211735298013,-81.67856,3.6191956209336307
7.1_4.1,9.1_17.2,41.476985,-81.682376,41.49211735298013,-81.67856,1.7143210741750328
7.2,9.1_17.2,41.44539,-81.53876,41.49211735298013,-81.67856,12.768762412571634
8.1_34.2,9.1_17.2,41.446336,-81.650709,41.49211735298013,-81.67856,5.6008756283011865
9.1_17.2,9.1_17.2,41.49211735298013,-81.67856,41.49211735298013,-81.67856,0
9.2,9.1_17.2,41.50604,-81.66306,41.49211735298013,-81.67856,2.0179509181024535
11.1_32.1_18.2,9.1_17.2,41.56206,-81.564009,41.49211735298013,-81.67856,12.31897826935549
12.1_5.2,9.1_17.2,41.49409,-81.70976,41.49211735298013,-81.67856,2.6107775830045523
13.1_33.2,9.1_17.2,41.489571,-81.71175,41.49211735298013,-81.67856,2.782031648554542
14.1,9.1_17.2,41.49537,-81.63033,41.49211735298013,-81.67856,4.037753547317892
15.1,9.1_17.2,41.552492,-81.591944,41.49211735298013,-81.67856,9.863255679492596
18.1_26.1,9.1_17.2,41.47918,-81.75257,41.49211735298013,-81.67856,6.337633885602389
19.1,9.1_17.2,41.462862,-81.647249,41.49211735298013,-81.67856,4.1743863993506345
19.2,9.1_17.2,41.46491,-81.59068,41.49211735298013,-81.67856,7.930412607607037
20.1,9.1_17.2,41.569957,-81.541194,41.49211735298013,-81.67856,14.356920806502124
20.2,9.1_17.2,41.50459,-81.6439,41.49211735298013,-81.67856,3.2060414141607243
21.1,9.1_17.2,41.486323,-81.624582,41.49211735298013,-81.67856,4.547059246842094
22.1,9.1_17.2,41.44404,-81.72271,41.49211735298013,-81.67856,6.496611510492322
23.1,9.1_17.2,41.449672,-81.564,41.49211735298013,-81.67856,10.659924153279414
24.1_1.2,9.1_17.2,41.564906,-81.579597,41.49211735298013,-81.67856,11.561673940756327
25.1,9.1_17.2,41.46717,-81.63003,41.49211735298013,-81.67856,4.908535974462716
27.1,9.1_17.2,41.50541,-81.66791,41.49211735298013,-81.67856,1.7257016809467731
28.1,9.1_17.2,41.46308,-81.69823,41.49211735298013,-81.67856,3.6248959583113143
29.1,9.1_17.2,41.43498,-81.81362,41.49211735298013,-81.67856,12.938137837328469
30.1_17.1,9.1_17.2,41.47473,-81.72846,41.49211735298013,-81.67856,4.589506859471424
31.2,9.1_17.2,41.47218,-81.69863,41.49211735298013,-81.67856,2.7798013280108536
32.2,9.1_17.2,41.47214,-81.62353,41.49211735298013,-81.67856,5.099734050294363
33.1,9.1_17.2,41.4668,-81.70792,41.49211735298013,-81.67856,3.733447494376959
34.1_16.1,9.1_17.2,41.469970000000004,-81.72552,41.49211735298013,-81.67856,4.627766625145446
35.1,9.1_17.2,41.463988,-81.645973,41.49211735298013,-81.67856,4.146300245897563
35.2,9.1_17.2,41.54031,-81.60699,41.49211735298013,-81.67856,8.022998675846946
1.1,9.2,41.456319,-81.639257,41.50604,-81.66306,5.880133681316869
2.1,9.2,41.57947,-81.56615,41.50604,-81.66306,11.489687088915334
3.1,9.2,41.575635,-81.541699,41.50604,-81.66306,12.738550040833173
5.1_19.3_24.2,9.2,41.46274,-81.65997,41.50604,-81.66306,4.827017015683856
7.1_4.1,9.2,41.476985,-81.682376,41.50604,-81.66306,3.6132341576184466
7.2,9.2,41.44539,-81.53876,41.50604,-81.66306,12.371814739465055
8.1_34.2,9.2,41.446336,-81.650709,41.50604,-81.66306,6.7255764437027885
9.1_17.2,9.2,41.49211735298013,-81.67856,41.50604,-81.66306,2.0179509181024535
9.2,9.2,41.50604,-81.66306,41.50604,-81.66306,0
11.1_32.1_18.2,9.2,41.56206,-81.564009,41.50604,-81.66306,10.34483186140293
12.1_5.2,9.2,41.49409,-81.70976,41.50604,-81.66306,4.114511767154571
13.1_33.2,9.2,41.489571,-81.71175,41.50604,-81.66306,4.454358525381738
14.1,9.2,41.49537,-81.63033,41.50604,-81.66306,2.9760817682280143
15.1,9.2,41.552492,-81.591944,41.50604,-81.66306,7.865289126396493
18.1_26.1,9.2,41.47918,-81.75257,41.50604,-81.66306,8.040254482080604
19.1,9.2,41.462862,-81.647249,41.50604,-81.66306,4.984122785741792
19.2,9.2,41.46491,-81.59068,41.50604,-81.66306,7.575988717408747
20.1,9.2,41.569957,-81.541194,41.50604,-81.66306,12.399124115255358
20.2,9.2,41.50459,-81.6439,41.50604,-81.66306,1.6054376299196336
21.1,9.2,41.486323,-81.624582,41.50604,-81.66306,3.8871922180469984
22.1,9.2,41.44404,-81.72271,41.50604,-81.66306,8.508051859935575
23.1,9.2,41.449672,-81.564,41.50604,-81.66306,10.374534639592392
24.1_1.2,9.2,41.564906,-81.579597,41.50604,-81.66306,9.555619312945021
25.1,9.2,41.46717,-81.63003,41.50604,-81.66306,5.129279105225064
27.1,9.2,41.50541,-81.66791,41.50604,-81.66306,0.41036225170623286
28.1,9.2,41.46308,-81.69823,41.50604,-81.66306,5.610025915496071
29.1,9.2,41.43498,-81.81362,41.50604,-81.66306,14.842081056668011
30.1_17.1,9.2,41.47473,-81.72846,41.50604,-81.66306,6.47209214784835
31.2,9.2,41.47218,-81.69863,41.50604,-81.66306,4.796367538658089
32.2,9.2,41.47214,-81.62353,41.50604,-81.66306,5.010655195710874
33.1,9.2,41.4668,-81.70792,41.50604,-81.66306,5.751121683842003
34.1_16.1,9.2,41.469970000000004,-81.72552,41.50604,-81.66306,6.576525708795844
35.1,9.2,41.463988,-81.645973,41.50604,-81.66306,4.893273685394631
35.2,9.2,41.54031,-81.60699,41.50604,-81.66306,6.032512041359892
1.1,11.1_32.1_18.2,41.456319,-81.639257,41.56206,-81.564009,13.338106682073809
2.1,11.1_32.1_18.2,41.57947,-81.56615,41.56206,-81.564009,1.9462573905319516
3.1,11.1_32.1_18.2,41.575635,-81.541699,41.56206,-81.564009,2.395010680704145
5.1_19.3_24.2,11.1_32.1_18.2,41.46274,-81.65997,41.56206,-81.564009,13.646450169531592
7.1_4.1,11.1_32.1_18.2,41.476985,-81.682376,41.56206,-81.564009,13.675600410436964
7.2,11.1_32.1_18.2,41.44539,-81.53876,41.56206,-81.564009,13.157120850605116
8.1_34.2,11.1_32.1_18.2,41.446336,-81.650709,41.56206,-81.564009,14.771545522102244
9.1_17.2,11.1_32.1_18.2,41.49211735298013,-81.67856,41.56206,-81.564009,12.31897826935549
9.2,11.1_32.1_18.2,41.50604,-81.66306,41.56206,-81.564009,10.34483186140293
11.1_32.1_18.2,11.1_32.1_18.2,41.56206,-81.564009,41.56206,-81.564009,0
12.1_5.2,11.1_32.1_18.2,41.49409,-81.70976,41.56206,-81.564009,14.310385696489837
13.1_33.2,11.1_32.1_18.2,41.489571,-81.71175,41.56206,-81.564009,14.721400571005763
14.1,11.1_32.1_18.2,41.49537,-81.63033,41.56206,-81.564009,9.255346487517896
15.1,11.1_32.1_18.2,41.552492,-81.591944,41.56206,-81.564009,2.5591515478778164
18.1_26.1,11.1_32.1_18.2,41.47918,-81.75257,41.56206,-81.564009,18.22397192093721
19.1,11.1_32.1_18.2,41.462862,-81.647249,41.56206,-81.564009,13.041686627412279
19.2,11.1_32.1_18.2,41.46491,-81.59068,41.56206,-81.564009,11.04083552630516
20.1,11.1_32.1_18.2,41.569957,-81.541194,41.56206,-81.564009,2.093716322722494
20.2,11.1_32.1_18.2,41.50459,-81.6439,41.56206,-81.564009,9.233024461235692
21.1,11.1_32.1_18.2,41.486323,-81.624582,41.56206,-81.564009,9.826852649661136
22.1,11.1_32.1_18.2,41.44404,-81.72271,41.56206,-81.564009,18.645623846274674
23.1,11.1_32.1_18.2,41.449672,-81.564,41.56206,-81.564009,12.510974953772399
24.1_1.2,11.1_32.1_18.2,41.564906,-81.579597,41.56206,-81.564009,1.3364441036392198
25.1,11.1_32.1_18.2,41.46717,-81.63003,41.56206,-81.564009,11.9106617376763
27.1,11.1_32.1_18.2,41.50541,-81.66791,41.56206,-81.564009,10.711246196277417
28.1,11.1_32.1_18.2,41.46308,-81.69823,41.56206,-81.564009,15.702954954951391
29.1,11.1_32.1_18.2,41.43498,-81.81362,41.56206,-81.564009,25.16417695363218
30.1_17.1,11.1_32.1_18.2,41.47473,-81.72846,41.56206,-81.564009,16.80440894839755
31.2,11.1_32.1_18.2,41.47218,-81.69863,41.56206,-81.564009,15.033797153976302
32.2,11.1_32.1_18.2,41.47214,-81.62353,41.56206,-81.564009,11.171844877886956
33.1,11.1_32.1_18.2,41.4668,-81.70792,41.56206,-81.564009,16.010841564134605
34.1_16.1,11.1_32.1_18.2,41.469970000000004,-81.72552,41.56206,-81.564009,16.92120247262585
35.1,11.1_32.1_18.2,41.463988,-81.645973,41.56206,-81.564009,12.878953929010134
35.2,11.1_32.1_18.2,41.54031,-81.60699,41.56206,-81.564009,4.322402752302521
1.1,12.1_5.2,41.456319,-81.639257,41.49409,-81.70976,7.228918160008649
2.1,12.1_5.2,41.57947,-81.56615,41.49409,-81.70976,15.281703402247961
3.1,12.1_5.2,41.575635,-81.541699,41.49409,-81.70976,16.68895378785856
5.1_19.3_24.2,12.1_5.2,41.46274,-81.65997,41.49409,-81.70976,5.4242768550311435
7.1_4.1,12.1_5.2,41.476985,-81.682376,41.49409,-81.70976,2.973302773544435
7.2,12.1_5.2,41.44539,-81.53876,41.49409,-81.70976,15.259015086592255
8.1_34.2,12.1_5.2,41.446336,-81.650709,41.49409,-81.70976,7.247090387644016
9.1_17.2,12.1_5.2,41.49211735298013,-81.67856,41.49409,-81.70976,2.6107775830045523
9.2,12.1_5.2,41.50604,-81.66306,41.49409,-81.70976,4.114511767154571
11.1_32.1_18.2,12.1_5.2,41.56206,-81.564009,41.49409,-81.70976,14.310385696489837
12.1_5.2,12.1_5.2,41.49409,-81.70976,41.49409,-81.70976,0
13.1_33.2,12.1_5.2,41.489571,-81.71175,41.49409,-81.70976,0.5297132889477859
14.1,12.1_5.2,41.49537,-81.63033,41.49409,-81.70976,6.62441799687504
15.1,12.1_5.2,41.552492,-81.591944,41.49409,-81.70976,11.776373507677851
18.1_26.1,12.1_5.2,41.47918,-81.75257,41.49409,-81.70976,3.9369269853940994
19.1,12.1_5.2,41.462862,-81.647249,41.49409,-81.70976,6.26617707227093
19.2,12.1_5.2,41.46491,-81.59068,41.49409,-81.70976,10.448972866157543
20.1,12.1_5.2,41.569957,-81.541194,41.49409,-81.70976,16.390335334127435
20.2,12.1_5.2,41.50459,-81.6439,41.49409,-81.70976,5.6140526174924466
21.1,12.1_5.2,41.486323,-81.624582,41.49409,-81.70976,7.155082648669699
22.1,12.1_5.2,41.44404,-81.72271,41.49409,-81.70976,5.675288278693629
23.1,12.1_5.2,41.449672,-81.564,41.49409,-81.70976,13.124803017277621
24.1_1.2,12.1_5.2,41.564906,-81.579597,41.49409,-81.70976,13.409182475487583
25.1,12.1_5.2,41.46717,-81.63003,41.49409,-81.70976,7.293431229739726
27.1,12.1_5.2,41.50541,-81.66791,41.49409,-81.70976,3.7097686880871055
28.1,12.1_5.2,41.46308,-81.69823,41.49409,-81.70976,3.5834513001303083
29.1,12.1_5.2,41.43498,-81.81362,41.49409,-81.70976,10.87937302213536
30.1_17.1,12.1_5.2,41.47473,-81.72846,41.49409,-81.70976,2.6601801322270786
31.2,12.1_5.2,41.47218,-81.69863,41.49409,-81.70976,2.6096554300223973
32.2,12.1_5.2,41.47214,-81.62353,41.49409,-81.70976,7.594951163021605
33.1,12.1_5.2,41.4668,-81.70792,41.49409,-81.70976,3.04178211337818
34.1_16.1,12.1_5.2,41.469970000000004,-81.72552,41.49409,-81.70976,2.989452367965362
35.1,12.1_5.2,41.463988,-81.645973,41.49409,-81.70976,6.287263366939479
35.2,12.1_5.2,41.54031,-81.60699,41.49409,-81.70976,9.992465651380925
1.1,13.1_33.2,41.456319,-81.639257,41.489571,-81.71175,7.089576013670218
2.1,13.1_33.2,41.57947,-81.56615,41.489571,-81.71175,15.727437724465418
3.1,13.1_33.2,41.575635,-81.541699,41.489571,-81.71175,17.105355785960775
5.1_19.3_24.2,13.1_33.2,41.46274,-81.65997,41.489571,-81.71175,5.250894685799509
7.1_4.1,13.1_33.2,41.476985,-81.682376,41.489571,-81.71175,2.8220086695717472
7.2,13.1_33.2,41.44539,-81.53876,41.489571,-81.71175,15.245114858591828
8.1_34.2,13.1_33.2,41.446336,-81.650709,41.489571,-81.71175,7.0063905600042755
9.1_17.2,13.1_33.2,41.49211735298013,-81.67856,41.489571,-81.71175,2.782031648554542
9.2,13.1_33.2,41.50604,-81.66306,41.489571,-81.71175,4.454358525381738
11.1_32.1_18.2,13.1_33.2,41.56206,-81.564009,41.489571,-81.71175,14.721400571005763
12.1_5.2,13.1_33.2,41.49409,-81.70976,41.489571,-81.71175,0.5297132889477859
13.1_33.2,13.1_33.2,41.489571,-81.71175,41.489571,-81.71175,0
14.1,13.1_33.2,41.49537,-81.63033,41.489571,-81.71175,6.819670512503157
15.1,13.1_33.2,41.552492,-81.591944,41.489571,-81.71175,12.197071851311609
18.1_26.1,13.1_33.2,41.47918,-81.75257,41.489571,-81.71175,3.5952814518739236
19.1,13.1_33.2,41.462862,-81.647249,41.489571,-81.71175,6.146595450978404
19.2,13.1_33.2,41.46491,-81.59068,41.489571,-81.71175,10.464086331530583
20.1,13.1_33.2,41.569957,-81.541194,41.489571,-81.71175,16.79564321279713
20.2,13.1_33.2,41.50459,-81.6439,41.489571,-81.71175,5.899023988742186
21.1,13.1_33.2,41.486323,-81.624582,41.489571,-81.71175,7.277828904833238
22.1,13.1_33.2,41.44404,-81.72271,41.489571,-81.71175,5.150281855054851
23.1,13.1_33.2,41.449672,-81.564,41.489571,-81.71175,13.100110543207547
24.1_1.2,13.1_33.2,41.564906,-81.579597,41.489571,-81.71175,13.842841874567167
25.1,13.1_33.2,41.46717,-81.63003,41.489571,-81.71175,7.25741364118893
27.1,13.1_33.2,41.50541,-81.66791,41.489571,-81.71175,4.058268569562017
28.1,13.1_33.2,41.46308,-81.69823,41.489571,-81.71175,3.1572011367036863
29.1,13.1_33.2,41.43498,-81.81362,41.489571,-81.71175,10.447471617878183
30.1_17.1,13.1_33.2,41.47473,-81.72846,41.489571,-81.71175,2.161342069498332
31.2,13.1_33.2,41.47218,-81.69863,41.489571,-81.71175,2.223772427495513
32.2,13.1_33.2,41.47214,-81.62353,41.489571,-81.71175,7.6089497400328625
33.1,13.1_33.2,41.4668,-81.70792,41.489571,-81.71175,2.554903036268639
34.1_16.1,13.1_33.2,41.469970000000004,-81.72552,41.489571,-81.71175,2.465735747496328
35.1,13.1_33.2,41.463988,-81.645973,41.489571,-81.71175,6.181167064889152
35.2,13.1_33.2,41.54031,-81.60699,41.489571,-81.71175,10.39968909530503
1.1,14.1,41.456319,-81.639257,41.49537,-81.63033,4.41043772321769
2.1,14.1,41.57947,-81.56615,41.49537,-81.63033,10.781721511678713
3.1,14.1,41.575635,-81.541699,41.49537,-81.63033,11.592220002571228
5.1_19.3_24.2,14.1,41.46274,-81.65997,41.49537,-81.63033,4.393713190377589
7.1_4.1,14.1,41.476985,-81.682376,41.49537,-81.63033,4.7985141462843925
7.2,14.1,41.44539,-81.53876,41.49537,-81.63033,9.449559277483962
8.1_34.2,14.1,41.446336,-81.650709,41.49537,-81.63033,5.716991251222317
9.1_17.2,14.1,41.49211735298013,-81.67856,41.49537,-81.63033,4.037753547317892
9.2,14.1,41.50604,-81.66306,41.49537,-81.63033,2.9760817682280143
11.1_32.1_18.2,14.1,41.56206,-81.564009,41.49537,-81.63033,9.255346487517896
12.1_5.2,14.1,41.49409,-81.70976,41.49537,-81.63033,6.62441799687504
13.1_33.2,14.1,41.489571,-81.71175,41.49537,-81.63033,6.819670512503157
14.1,14.1,41.49537,-81.63033,41.49537,-81.63033,0
15.1,14.1,41.552492,-81.591944,41.49537,-81.63033,7.118218259942945
18.1_26.1,14.1,41.47918,-81.75257,41.49537,-81.63033,10.351659628528353
19.1,14.1,41.462862,-81.647249,41.49537,-81.63033,3.8841451987434543
19.2,14.1,41.46491,-81.59068,41.49537,-81.63033,4.736262196872204
20.1,14.1,41.569957,-81.541194,41.49537,-81.63033,11.140559134469719
20.2,14.1,41.50459,-81.6439,41.49537,-81.63033,1.5275602783134372
21.1,14.1,41.486323,-81.624582,41.49537,-81.63033,1.1153438107789324
22.1,14.1,41.44404,-81.72271,41.49537,-81.63033,9.593065499169825
23.1,14.1,41.449672,-81.564,41.49537,-81.63033,7.5157786817027015
24.1_1.2,14.1,41.564906,-81.579597,41.49537,-81.63033,8.820034675266164
25.1,14.1,41.46717,-81.63003,41.49537,-81.63033,3.1393093394393548
27.1,14.1,41.50541,-81.66791,41.49537,-81.63033,3.3265266872625396
28.1,14.1,41.46308,-81.69823,41.49537,-81.63033,6.707349641145953
29.1,14.1,41.43498,-81.81362,41.49537,-81.63033,16.702350220195953
30.1_17.1,14.1,41.47473,-81.72846,41.49537,-81.63033,8.499752531369044
31.2,14.1,41.47218,-81.69863,41.49537,-81.63033,6.2535258428027065
32.2,14.1,41.47214,-81.62353,41.49537,-81.63033,2.6474001445776727
33.1,14.1,41.4668,-81.70792,41.49537,-81.63033,7.210169902117726
34.1_16.1,14.1,41.469970000000004,-81.72552,41.49537,-81.63033,8.426955129231285
35.1,14.1,41.463988,-81.645973,41.49537,-81.63033,3.7290844739437796
35.2,14.1,41.54031,-81.60699,41.49537,-81.63033,5.367640104618457
1.1,15.1,41.456319,-81.639257,41.552492,-81.591944,11.409426475048559
2.1,15.1,41.57947,-81.56615,41.552492,-81.591944,3.692484100050361
3.1,15.1,41.575635,-81.541699,41.552492,-81.591944,4.9143608958515035
5.1_19.3_24.2,15.1,41.46274,-81.65997,41.552492,-81.591944,11.488341244184214
7.1_4.1,15.1,41.476985,-81.682376,41.552492,-81.591944,11.290293735931092
7.2,15.1,41.44539,-81.53876,41.552492,-81.591944,12.720420127825477
8.1_34.2,15.1,41.446336,-81.650709,41.552492,-81.591944,12.792648401161001
9.1_17.2,15.1,41.49211735298013,-81.67856,41.552492,-81.591944,9.863255679492596
9.2,15.1,41.50604,-81.66306,41.552492,-81.591944,7.865289126396493
11.1_32.1_18.2,15.1,41.56206,-81.564009,41.552492,-81.591944,2.5591515478778164
12.1_5.2,15.1,41.49409,-81.70976,41.552492,-81.591944,11.776373507677851
13.1_33.2,15.1,41.489571,-81.71175,41.552492,-81.591944,12.197071851311609
14.1,15.1,41.49537,-81.63033,41.552492,-81.591944,7.118218259942945
15.1,15.1,41.552492,-81.591944,41.552492,-81.591944,0
18.1_26.1,15.1,41.47918,-81.75257,41.552492,-81.591944,15.679884444976222
19.1,15.1,41.462862,-81.647249,41.552492,-81.591944,10.991258221569575
19.2,15.1,41.46491,-81.59068,41.552492,-81.591944,9.750153023836011
20.1,15.1,41.569957,-81.541194,41.552492,-81.591944,4.652857022911646
20.2,15.1,41.50459,-81.6439,41.552492,-81.591944,6.868934093772134
21.1,15.1,41.486323,-81.624582,41.552492,-81.591944,7.852173954948462
22.1,15.1,41.44404,-81.72271,41.552492,-81.591944,16.267194307800494
23.1,15.1,41.449672,-81.564,41.552492,-81.591944,11.680567406165952
24.1_1.2,15.1,41.564906,-81.579597,41.552492,-81.591944,1.7226343418020362
25.1,15.1,41.46717,-81.63003,41.552492,-81.591944,10.014582663720928
27.1,15.1,41.50541,-81.66791,41.552492,-81.591944,8.218726311207552
28.1,15.1,41.46308,-81.69823,41.552492,-81.591944,13.325689516732407
29.1,15.1,41.43498,-81.81362,41.552492,-81.591944,22.644372215769238
30.1_17.1,15.1,41.47473,-81.72846,41.552492,-81.591944,14.297710054743657
31.2,15.1,41.47218,-81.69863,41.552492,-81.591944,12.61013731883284
32.2,15.1,41.47214,-81.62353,41.552492,-81.591944,9.324202848062882
33.1,15.1,41.4668,-81.70792,41.552492,-81.591944,13.581744041895396
34.1_16.1,15.1,41.469970000000004,-81.72552,41.552492,-81.591944,14.435054199086222
35.1,15.1,41.463988,-81.645973,41.552492,-81.591944,10.832926855764088
35.2,15.1,41.54031,-81.60699,41.552492,-81.591944,1.8467118865480978
1.1,18.1_26.1,41.456319,-81.639257,41.47918,-81.75257,9.788589397577717
2.1,18.1_26.1,41.57947,-81.56615,41.47918,-81.75257,19.13084305746904
3.1,18.1_26.1,41.575635,-81.541699,41.47918,-81.75257,20.594186215143658
5.1_19.3_24.2,18.1_26.1,41.46274,-81.65997,41.47918,-81.75257,7.937685927443782
7.1_4.1,18.1_26.1,41.476985,-81.682376,41.47918,-81.75257,5.859387381706464
7.2,18.1_26.1,41.44539,-81.53876,41.47918,-81.75257,18.228743487676816
8.1_34.2,18.1_26.1,41.446336,-81.650709,41.47918,-81.75257,9.250569146983244
9.1_17.2,18.1_26.1,41.49211735298013,-81.67856,41.47918,-81.75257,6.337633885602389
9.2,18.1_26.1,41.50604,-81.66306,41.47918,-81.75257,8.040254482080604
11.1_32.1_18.2,18.1_26.1,41.56206,-81.564009,41.47918,-81.75257,18.22397192093721
12.1_5.2,18.1_26.1,41.49409,-81.70976,41.47918,-81.75257,3.9369269853940994
13.1_33.2,18.1_26.1,41.489571,-81.71175,41.47918,-81.75257,3.5952814518739236
14.1,18.1_26.1,41.49537,-81.63033,41.47918,-81.75257,10.351659628528353
15.1,18.1_26.1,41.552492,-81.591944,41.47918,-81.75257,15.679884444976222
18.1_26.1,18.1_26.1,41.47918,-81.75257,41.47918,-81.75257,0
19.1,18.1_26.1,41.462862,-81.647249,41.47918,-81.75257,8.970734586900917
19.2,18.1_26.1,41.46491,-81.59068,41.47918,-81.75257,13.59625478201859
20.1,18.1_26.1,41.569957,-81.541194,41.47918,-81.75257,20.308981331177275
20.2,18.1_26.1,41.50459,-81.6439,41.47918,-81.75257,9.492556529067455
21.1,18.1_26.1,41.486323,-81.624582,41.47918,-81.75257,10.703208808681264
22.1,18.1_26.1,41.44404,-81.72271,41.47918,-81.75257,4.637566247879967
23.1,18.1_26.1,41.449672,-81.564,41.47918,-81.75257,16.069654259626883
24.1_1.2,18.1_26.1,41.564906,-81.579597,41.47918,-81.75257,17.28877327061585
25.1,18.1_26.1,41.46717,-81.63003,41.47918,-81.75257,10.307872307119428
27.1,18.1_26.1,41.50541,-81.66791,41.47918,-81.75257,7.639279118065501
28.1,18.1_26.1,41.46308,-81.69823,41.47918,-81.75257,4.874007250286684
29.1,18.1_26.1,41.43498,-81.81362,41.47918,-81.75257,7.081767234770234
30.1_17.1,18.1_26.1,41.47473,-81.72846,41.47918,-81.75257,2.0709657346438015
31.2,18.1_26.1,41.47218,-81.69863,41.47918,-81.75257,4.565834188195319
32.2,18.1_26.1,41.47214,-81.62353,41.47918,-81.75257,10.791036091964314
33.1,18.1_26.1,41.4668,-81.70792,41.47918,-81.75257,3.9709850062094474
34.1_16.1,18.1_26.1,41.469970000000004,-81.72552,41.47918,-81.75257,2.4781620172090766
35.1,18.1_26.1,41.463988,-81.645973,41.47918,-81.75257,9.050654617079863
35.2,18.1_26.1,41.54031,-81.60699,41.47918,-81.75257,13.913369704308673
1.1,19.1,41.456319,-81.639257,41.462862,-81.647249,0.9874460008914547
2.1,19.1,41.57947,-81.56615,41.462862,-81.647249,14.63514919964548
3.1,19.1,41.575635,-81.541699,41.462862,-81.647249,15.32950203234397
5.1_19.3_24.2,19.1,41.46274,-81.65997,41.462862,-81.647249,1.0612885158589862
7.1_4.1,19.1,41.476985,-81.682376,41.462862,-81.647249,3.3251612407686966
7.2,19.1,41.44539,-81.53876,41.462862,-81.647249,9.258105793246305
8.1_34.2,19.1,41.446336,-81.650709,41.462862,-81.647249,1.8621770374895836
9.1_17.2,19.1,41.49211735298013,-81.67856,41.462862,-81.647249,4.1743863993506345
9.2,19.1,41.50604,-81.66306,41.462862,-81.647249,4.984122785741792
11.1_32.1_18.2,19.1,41.56206,-81.564009,41.462862,-81.647249,13.041686627412279
12.1_5.2,19.1,41.49409,-81.70976,41.462862,-81.647249,6.26617707227093
13.1_33.2,19.1,41.489571,-81.71175,41.462862,-81.647249,6.146595450978404
14.1,19.1,41.49537,-81.63033,41.462862,-81.647249,3.8841451987434543
15.1,19.1,41.552492,-81.591944,41.462862,-81.647249,10.991258221569575
18.1_26.1,19.1,41.47918,-81.75257,41.462862,-81.647249,8.970734586900917
19.1,19.1,41.462862,-81.647249,41.462862,-81.647249,0
19.2,19.1,41.46491,-81.59068,41.462862,-81.647249,4.724481094166509
20.1,19.1,41.569957,-81.541194,41.462862,-81.647249,14.841580598680178
20.2,19.1,41.50459,-81.6439,41.462862,-81.647249,4.653528175123203
21.1,19.1,41.486323,-81.624582,41.462862,-81.647249,3.224133940441369
22.1,19.1,41.44404,-81.72271,41.462862,-81.647249,6.63544857756689
23.1,19.1,41.449672,-81.564,41.462862,-81.647249,7.098941849112232
24.1_1.2,19.1,41.564906,-81.579597,41.462862,-81.647249,12.682195629098233
25.1,19.1,41.46717,-81.63003,41.462862,-81.647249,1.5143226872428095
27.1,19.1,41.50541,-81.66791,41.462862,-81.647249,5.040080936506493
28.1,19.1,41.46308,-81.69823,41.462862,-81.647249,4.252956356444711
29.1,19.1,41.43498,-81.81362,41.462862,-81.647249,14.224598616754767
30.1_17.1,19.1,41.47473,-81.72846,41.462862,-81.647249,6.901723289125561
31.2,19.1,41.47218,-81.69863,41.462862,-81.647249,4.409687918104263
32.2,19.1,41.47214,-81.62353,41.462862,-81.647249,2.2318787948089187
33.1,19.1,41.4668,-81.70792,41.462862,-81.647249,5.080041530432798
34.1_16.1,19.1,41.469970000000004,-81.72552,41.462862,-81.647249,6.576871178961982
35.1,19.1,41.463988,-81.645973,41.462862,-81.647249,0.16444446959278683
35.2,19.1,41.54031,-81.60699,41.462862,-81.647249,9.251783816757023
1.1,19.2,41.456319,-81.639257,41.46491,-81.59068,4.1638052656565145
2.1,19.2,41.57947,-81.56615,41.46491,-81.59068,12.915598010503683
3.1,19.2,41.575635,-81.541699,41.46491,-81.59068,12.9843301715574
5.1_19.3_24.2,19.2,41.46274,-81.65997,41.46491,-81.59068,5.785211887966837
7.1_4.1,19.2,41.476985,-81.682376,41.46491,-81.59068,7.76565198224499
7.2,19.2,41.44539,-81.53876,41.46491,-81.59068,4.846207406484528
8.1_34.2,19.2,41.446336,-81.650709,41.46491,-81.59068,5.418276064477394
9.1_17.2,19.2,41.49211735298013,-81.67856,41.46491,-81.59068,7.930412607607037
9.2,19.2,41.50604,-81.66306,41.46491,-81.59068,7.575988717408747
11.1_32.1_18.2,19.2,41.56206,-81.564009,41.46491,-81.59068,11.04083552630516
12.1_5.2,19.2,41.49409,-81.70976,41.46491,-81.59068,10.448972866157543
13.1_33.2,19.2,41.489571,-81.71175,41.46491,-81.59068,10.464086331530583
14.1,19.2,41.49537,-81.63033,41.46491,-81.59068,4.736262196872204
15.1,19.2,41.552492,-81.591944,41.46491,-81.59068,9.750153023836011
18.1_26.1,19.2,41.47918,-81.75257,41.46491,-81.59068,13.59625478201859
19.1,19.2,41.462862,-81.647249,41.46491,-81.59068,4.724481094166509
19.2,19.2,41.46491,-81.59068,41.46491,-81.59068,0
20.1,19.2,41.569957,-81.541194,41.46491,-81.59068,12.39990407410029
20.2,19.2,41.50459,-81.6439,41.46491,-81.59068,6.261683263985926
21.1,19.2,41.486323,-81.624582,41.46491,-81.59068,3.6982703791097014
22.1,19.2,41.44404,-81.72271,41.46491,-81.59068,11.257846164180208
23.1,19.2,41.449672,-81.564,41.46491,-81.59068,2.7985487409783265
24.1_1.2,19.2,41.564906,-81.579597,41.46491,-81.59068,11.169772112043306
25.1,19.2,41.46717,-81.63003,41.46491,-81.59068,3.2920889175043957
27.1,19.2,41.50541,-81.66791,41.46491,-81.59068,7.861601414703566
28.1,19.2,41.46308,-81.69823,41.46491,-81.59068,8.974101268522189
29.1,19.2,41.43498,-81.81362,41.46491,-81.59068,18.897640770601498
30.1_17.1,19.2,41.47473,-81.72846,41.46491,-81.59068,11.544406163155301
31.2,19.2,41.47218,-81.69863,41.46491,-81.59068,9.040819661566964
32.2,19.2,41.47214,-81.62353,41.46491,-81.59068,2.8559003203089857
33.1,19.2,41.4668,-81.70792,41.46491,-81.59068,9.782107854024863
34.1_16.1,19.2,41.469970000000004,-81.72552,41.46491,-81.59068,11.261809748149687
35.1,19.2,41.463988,-81.645973,41.46491,-81.59068,4.613635205447327
35.2,19.2,41.54031,-81.60699,41.46491,-81.59068,8.502918752655932
1.1,20.1,41.456319,-81.639257,41.569957,-81.541194,15.061302945908006
2.1,20.1,41.57947,-81.56615,41.569957,-81.541194,2.332514342312717
3.1,20.1,41.575635,-81.541699,41.569957,-81.541194,0.6334696703049534
5.1_19.3_24.2,20.1,41.46274,-81.65997,41.569957,-81.541194,15.507008855200825
7.1_4.1,20.1,41.476985,-81.682376,41.569957,-81.541194,15.670537487100917
7.2,20.1,41.44539,-81.53876,41.569957,-81.541194,13.868219457315293
8.1_34.2,20.1,41.446336,-81.650709,41.569957,-81.541194,16.514365262390612
9.1_17.2,20.1,41.49211735298013,-81.67856,41.569957,-81.541194,14.356920806502124
9.2,20.1,41.50604,-81.66306,41.569957,-81.541194,12.399124115255358
11.1_32.1_18.2,20.1,41.56206,-81.564009,41.569957,-81.541194,2.093716322722494
12.1_5.2,20.1,41.49409,-81.70976,41.569957,-81.541194,16.390335334127435
13.1_33.2,20.1,41.489571,-81.71175,41.569957,-81.541194,16.79564321279713
14.1,20.1,41.49537,-81.63033,41.569957,-81.541194,11.140559134469719
15.1,20.1,41.552492,-81.591944,41.569957,-81.541194,4.652857022911646
18.1_26.1,20.1,41.47918,-81.75257,41.569957,-81.541194,20.308981331177275
19.1,20.1,41.462862,-81.647249,41.569957,-81.541194,14.841580598680178
19.2,20.1,41.46491,-81.59068,41.569957,-81.541194,12.39990407410029
20.1,20.1,41.569957,-81.541194,41.569957,-81.541194,0
20.2,20.1,41.50459,-81.6439,41.569957,-81.541194,11.233378900496545
21.1,20.1,41.486323,-81.624582,41.569957,-81.541194,11.617694553066087
22.1,20.1,41.44404,-81.72271,41.569957,-81.541194,20.62650523235304
23.1,20.1,41.449672,-81.564,41.569957,-81.541194,13.524352505838573
24.1_1.2,20.1,41.564906,-81.579597,41.569957,-81.541194,3.2474982007114033
25.1,20.1,41.46717,-81.63003,41.569957,-81.541194,13.628992541400825
27.1,20.1,41.50541,-81.66791,41.569957,-81.541194,12.771564712523187
28.1,20.1,41.46308,-81.69823,41.569957,-81.541194,17.688397113163578
29.1,20.1,41.43498,-81.81362,41.569957,-81.541194,27.23253454048087
30.1_17.1,20.1,41.47473,-81.72846,41.569957,-81.541194,18.867176795098118
31.2,20.1,41.47218,-81.69863,41.569957,-81.541194,17.04848441640407
32.2,20.1,41.47214,-81.62353,41.569957,-81.541194,12.870953776080087
33.1,20.1,41.4668,-81.70792,41.569957,-81.541194,18.027266828183077
34.1_16.1,20.1,41.469970000000004,-81.72552,41.569957,-81.541194,18.971396806902412
35.1,20.1,41.463988,-81.645973,41.569957,-81.541194,14.67750481954462
35.2,20.1,41.54031,-81.60699,41.569957,-81.541194,6.397878006991925
1.1,20.2,41.456319,-81.639257,41.50459,-81.6439,5.387436756184015
2.1,20.2,41.57947,-81.56615,41.50459,-81.6439,10.556877507291127
3.1,20.2,41.575635,-81.541699,41.50459,-81.6439,11.621625679152205
5.1_19.3_24.2,20.2,41.46274,-81.65997,41.50459,-81.6439,4.847646304352731
7.1_4.1,20.2,41.476985,-81.682376,41.50459,-81.6439,4.442584095018789
7.2,20.2,41.44539,-81.53876,41.50459,-81.6439,10.969480307002902
8.1_34.2,20.2,41.446336,-81.650709,41.50459,-81.6439,6.5096251119157
9.1_17.2,20.2,41.49211735298013,-81.67856,41.50459,-81.6439,3.2060414141607243
9.2,20.2,41.50604,-81.66306,41.50459,-81.6439,1.6054376299196336
11.1_32.1_18.2,20.2,41.56206,-81.564009,41.50459,-81.6439,9.233024461235692
12.1_5.2,20.2,41.49409,-81.70976,41.50459,-81.6439,5.6140526174924466
13.1_33.2,20.2,41.489571,-81.71175,41.50459,-81.6439,5.899023988742186
14.1,20.2,41.49537,-81.63033,41.50459,-81.6439,1.5275602783134372
15.1,20.2,41.552492,-81.591944,41.50459,-81.6439,6.868934093772134
18.1_26.1,20.2,41.47918,-81.75257,41.50459,-81.6439,9.492556529067455
19.1,20.2,41.462862,-81.647249,41.50459,-81.6439,4.653528175123203
19.2,20.2,41.46491,-81.59068,41.50459,-81.6439,6.261683263985926
20.1,20.2,41.569957,-81.541194,41.50459,-81.6439,11.233378900496545
20.2,20.2,41.50459,-81.6439,41.50459,-81.6439,0
21.1,20.2,41.486323,-81.624582,41.50459,-81.6439,2.594114687200784
22.1,20.2,41.44404,-81.72271,41.50459,-81.6439,9.414917168952778
23.1,20.2,41.449672,-81.564,41.50459,-81.6439,9.043314181059943
24.1_1.2,20.2,41.564906,-81.579597,41.50459,-81.6439,8.590320391606339
25.1,20.2,41.46717,-81.63003,41.50459,-81.6439,4.323174247408749
27.1,20.2,41.50541,-81.66791,41.50459,-81.6439,2.0037203467618134
28.1,20.2,41.46308,-81.69823,41.50459,-81.6439,6.471526453060793
29.1,20.2,41.43498,-81.81362,41.50459,-81.6439,16.138743098580537
30.1_17.1,20.2,41.47473,-81.72846,41.50459,-81.6439,7.795388022482133
31.2,20.2,41.47218,-81.69863,41.50459,-81.6439,5.8176753295418715
32.2,20.2,41.47214,-81.62353,41.50459,-81.6439,3.9917601745976623
33.1,20.2,41.4668,-81.70792,41.50459,-81.6439,6.796986135372786
34.1_16.1,20.2,41.469970000000004,-81.72552,41.50459,-81.6439,7.821618215482052
35.1,20.2,41.463988,-81.645973,41.50459,-81.6439,4.523098851527993
35.2,20.2,41.54031,-81.60699,41.50459,-81.6439,5.027374479975133
1.1,21.1,41.456319,-81.639257,41.486323,-81.624582,3.557258575294879
2.1,21.1,41.57947,-81.56615,41.486323,-81.624582,11.45542724595717
3.1,21.1,41.575635,-81.541699,41.486323,-81.624582,12.105878567651477
5.1_19.3_24.2,21.1,41.46274,-81.65997,41.486323,-81.624582,3.950155675017782
7.1_4.1,21.1,41.476985,-81.682376,41.486323,-81.624582,4.930666352655471
7.2,21.1,41.44539,-81.53876,41.486323,-81.624582,8.48615481024974
8.1_34.2,21.1,41.446336,-81.650709,41.486323,-81.624582,4.956235200579734
9.1_17.2,21.1,41.49211735298013,-81.67856,41.486323,-81.624582,4.547059246842094
9.2,21.1,41.50604,-81.66306,41.486323,-81.624582,3.8871922180469984
11.1_32.1_18.2,21.1,41.56206,-81.564009,41.486323,-81.624582,9.826852649661136
12.1_5.2,21.1,41.49409,-81.70976,41.486323,-81.624582,7.155082648669699
13.1_33.2,21.1,41.489571,-81.71175,41.486323,-81.624582,7.277828904833238
14.1,21.1,41.49537,-81.63033,41.486323,-81.624582,1.1153438107789324
15.1,21.1,41.552492,-81.591944,41.486323,-81.624582,7.852173954948462
18.1_26.1,21.1,41.47918,-81.75257,41.486323,-81.624582,10.703208808681264
19.1,21.1,41.462862,-81.647249,41.486323,-81.624582,3.224133940441369
19.2,21.1,41.46491,-81.59068,41.486323,-81.624582,3.6982703791097014
20.1,21.1,41.569957,-81.541194,41.486323,-81.624582,11.617694553066087
20.2,21.1,41.50459,-81.6439,41.486323,-81.624582,2.594114687200784
21.1,21.1,41.486323,-81.624582,41.486323,-81.624582,0
22.1,21.1,41.44404,-81.72271,41.486323,-81.624582,9.442463271137305
23.1,21.1,41.449672,-81.564,41.486323,-81.624582,6.494860811354321
24.1_1.2,21.1,41.564906,-81.579597,41.486323,-81.624582,9.517344383844275
25.1,21.1,41.46717,-81.63003,41.486323,-81.624582,2.179982125216779
27.1,21.1,41.50541,-81.66791,41.486323,-81.624582,4.191144589682836
28.1,21.1,41.46308,-81.69823,41.486323,-81.624582,6.665369193237731
29.1,21.1,41.43498,-81.81362,41.486323,-81.624582,16.77406078251542
30.1_17.1,21.1,41.47473,-81.72846,41.486323,-81.624582,8.758856590157892
31.2,21.1,41.47218,-81.69863,41.486323,-81.624582,6.373135007496809
32.2,21.1,41.47214,-81.62353,41.486323,-81.624582,1.581280243357075
33.1,21.1,41.4668,-81.70792,41.486323,-81.624582,7.282526605860989
34.1_16.1,21.1,41.469970000000004,-81.72552,41.486323,-81.624582,8.61295548691169
35.1,21.1,41.463988,-81.645973,41.486323,-81.624582,3.0602105666218136
35.2,21.1,41.54031,-81.60699,41.486323,-81.624582,6.186121291435436
1.1,22.1,41.456319,-81.639257,41.44404,-81.72271,7.096003029410892
2.1,22.1,41.57947,-81.56615,41.44404,-81.72271,19.939976778309546
3.1,22.1,41.575635,-81.541699,41.44404,-81.72271,21.030441231480626
5.1_19.3_24.2,22.1,41.46274,-81.65997,41.44404,-81.72271,5.633337366271805
7.1_4.1,22.1,41.476985,-81.682376,41.44404,-81.72271,4.977153925060046
7.2,22.1,41.44539,-81.53876,41.44404,-81.72271,15.3503493635634
8.1_34.2,22.1,41.446336,-81.650709,41.44404,-81.72271,6.013477885790409
9.1_17.2,22.1,41.49211735298013,-81.67856,41.44404,-81.72271,6.496611510492322
9.2,22.1,41.50604,-81.66306,41.44404,-81.72271,8.508051859935575
11.1_32.1_18.2,22.1,41.56206,-81.564009,41.44404,-81.72271,18.645623846274674
12.1_5.2,22.1,41.49409,-81.70976,41.44404,-81.72271,5.675288278693629
13.1_33.2,22.1,41.489571,-81.71175,41.44404,-81.72271,5.150281855054851
14.1,22.1,41.49537,-81.63033,41.44404,-81.72271,9.593065499169825
15.1,22.1,41.552492,-81.591944,41.44404,-81.72271,16.267194307800494
18.1_26.1,22.1,41.47918,-81.75257,41.44404,-81.72271,4.637566247879967
19.1,22.1,41.462862,-81.647249,41.44404,-81.72271,6.63544857756689
19.2,22.1,41.46491,-81.59068,41.44404,-81.72271,11.257846164180208
20.1,22.1,41.569957,-81.541194,41.44404,-81.72271,20.62650523235304
20.2,22.1,41.50459,-81.6439,41.44404,-81.72271,9.414917168952778
21.1,22.1,41.486323,-81.624582,41.44404,-81.72271,9.442463271137305
22.1,22.1,41.44404,-81.72271,41.44404,-81.72271,0
23.1,22.1,41.449672,-81.564,41.44404,-81.72271,13.257870694246018
24.1_1.2,22.1,41.564906,-81.579597,41.44404,-81.72271,17.98272384480752
25.1,22.1,41.46717,-81.63003,41.44404,-81.72271,8.14976987042655
27.1,22.1,41.50541,-81.66791,41.44404,-81.72271,8.21964633321698
28.1,22.1,41.46308,-81.69823,41.44404,-81.72271,2.9434590914417087
29.1,22.1,41.43498,-81.81362,41.44404,-81.72271,7.65329295780733
30.1_17.1,22.1,41.47473,-81.72846,41.44404,-81.72271,3.4499080508541415
31.2,22.1,41.47218,-81.69863,41.44404,-81.72271,3.7213628999257606
32.2,22.1,41.47214,-81.62353,41.44404,-81.72271,8.845859279700342
33.1,22.1,41.4668,-81.70792,41.44404,-81.72271,2.818137408354687
34.1_16.1,22.1,41.469970000000004,-81.72552,41.44404,-81.72271,2.8960188116488585
35.1,22.1,41.463988,-81.645973,41.44404,-81.72271,6.77652714764321
35.2,22.1,41.54031,-81.60699,41.44404,-81.72271,14.420607004959122
1.1,23.1,41.456319,-81.639257,41.449672,-81.564,6.322429892581427
2.1,23.1,41.57947,-81.56615,41.449672,-81.564,14.45015861281849
3.1,23.1,41.575635,-81.541699,41.449672,-81.564,14.144822473163371
5.1_19.3_24.2,23.1,41.46274,-81.65997,41.449672,-81.564,8.137829527498726
7.1_4.1,23.1,41.476985,-81.682376,41.449672,-81.564,10.332468757047554
7.2,23.1,41.44539,-81.53876,41.449672,-81.564,2.1593174877224213
8.1_34.2,23.1,41.446336,-81.650709,41.449672,-81.564,7.244546901830795
9.1_17.2,23.1,41.49211735298013,-81.67856,41.449672,-81.564,10.659924153279414
9.2,23.1,41.50604,-81.66306,41.449672,-81.564,10.374534639592392
11.1_32.1_18.2,23.1,41.56206,-81.564009,41.449672,-81.564,12.510974953772399
12.1_5.2,23.1,41.49409,-81.70976,41.449672,-81.564,13.124803017277621
13.1_33.2,23.1,41.489571,-81.71175,41.449672,-81.564,13.100110543207547
14.1,23.1,41.49537,-81.63033,41.449672,-81.564,7.5157786817027015
15.1,23.1,41.552492,-81.591944,41.449672,-81.564,11.680567406165952
18.1_26.1,23.1,41.47918,-81.75257,41.449672,-81.564,16.069654259626883
19.1,23.1,41.462862,-81.647249,41.449672,-81.564,7.098941849112232
19.2,23.1,41.46491,-81.59068,41.449672,-81.564,2.7985487409783265
20.1,23.1,41.569957,-81.541194,41.449672,-81.564,13.524352505838573
20.2,23.1,41.50459,-81.6439,41.449672,-81.564,9.043314181059943
21.1,23.1,41.486323,-81.624582,41.449672,-81.564,6.494860811354321
22.1,23.1,41.44404,-81.72271,41.449672,-81.564,13.257870694246018
23.1,23.1,41.449672,-81.564,41.449672,-81.564,0
24.1_1.2,23.1,41.564906,-81.579597,41.449672,-81.564,12.89351746410383
25.1,23.1,41.46717,-81.63003,41.449672,-81.564,5.842919438222674
27.1,23.1,41.50541,-81.66791,41.449672,-81.564,10.658512035604863
28.1,23.1,41.46308,-81.69823,41.449672,-81.564,11.297768863359817
29.1,23.1,41.43498,-81.81362,41.449672,-81.564,20.89428486959989
30.1_17.1,23.1,41.47473,-81.72846,41.449672,-81.564,14.000283048995785
31.2,23.1,41.47218,-81.69863,41.449672,-81.564,11.507414620853828
32.2,23.1,41.47214,-81.62353,41.449672,-81.564,5.560475606523982
33.1,23.1,41.4668,-81.70792,41.449672,-81.564,12.157276262672289
34.1_16.1,23.1,41.469970000000004,-81.72552,41.449672,-81.564,13.662953223538368
35.1,23.1,41.463988,-81.645973,41.449672,-81.564,7.02214566786067
35.2,23.1,41.54031,-81.60699,41.449672,-81.564,10.707576716988706
1.1,24.1_1.2,41.456319,-81.639257,41.564906,-81.579597,13.070929473039506
2.1,24.1_1.2,41.57947,-81.56615,41.564906,-81.579597,1.970427811061847
3.1,24.1_1.2,41.575635,-81.541699,41.564906,-81.579597,3.3746700063880173
5.1_19.3_24.2,24.1_1.2,41.46274,-81.65997,41.564906,-81.579597,13.199636835475811
7.1_4.1,24.1_1.2,41.476985,-81.682376,41.564906,-81.579597,13.00662894302925
7.2,24.1_1.2,41.44539,-81.53876,41.564906,-81.579597,13.73313191541536
8.1_34.2,24.1_1.2,41.446336,-81.650709,41.564906,-81.579597,14.469370941465705
9.1_17.2,24.1_1.2,41.49211735298013,-81.67856,41.564906,-81.579597,11.561673940756327
9.2,24.1_1.2,41.50604,-81.66306,41.564906,-81.579597,9.555619312945021
11.1_32.1_18.2,24.1_1.2,41.56206,-81.564009,41.564906,-81.579597,1.3364441036392198
12.1_5.2,24.1_1.2,41.49409,-81.70976,41.564906,-81.579597,13.409182475487583
13.1_33.2,24.1_1.2,41.489571,-81.71175,41.564906,-81.579597,13.842841874567167
14.1,24.1_1.2,41.49537,-81.63033,41.564906,-81.579597,8.820034675266164
15.1,24.1_1.2,41.552492,-81.591944,41.564906,-81.579597,1.7226343418020362
18.1_26.1,24.1_1.2,41.47918,-81.75257,41.564906,-81.579597,17.28877327061585
19.1,24.1_1.2,41.462862,-81.647249,41.564906,-81.579597,12.682195629098233
19.2,24.1_1.2,41.46491,-81.59068,41.564906,-81.579597,11.169772112043306
20.1,24.1_1.2,41.569957,-81.541194,41.564906,-81.579597,3.2474982007114033
20.2,24.1_1.2,41.50459,-81.6439,41.564906,-81.579597,8.590320391606339
21.1,24.1_1.2,41.486323,-81.624582,41.564906,-81.579597,9.517344383844275
22.1,24.1_1.2,41.44404,-81.72271,41.564906,-81.579597,17.98272384480752
23.1,24.1_1.2,41.449672,-81.564,41.564906,-81.579597,12.89351746410383
24.1_1.2,24.1_1.2,41.564906,-81.579597,41.564906,-81.579597,0
25.1,24.1_1.2,41.46717,-81.63003,41.564906,-81.579597,11.663790499405298
27.1,24.1_1.2,41.50541,-81.66791,41.564906,-81.579597,9.900462687024328
28.1,24.1_1.2,41.46308,-81.69823,41.564906,-81.579597,15.042385957492774
29.1,24.1_1.2,41.43498,-81.81362,41.564906,-81.579597,24.28738582926753
30.1_17.1,24.1_1.2,41.47473,-81.72846,41.564906,-81.579597,15.959702518915815
31.2,24.1_1.2,41.47218,-81.69863,41.564906,-81.579597,14.317155637396493
32.2,24.1_1.2,41.47214,-81.62353,41.564906,-81.579597,10.956674453698946
33.1,24.1_1.2,41.4668,-81.70792,41.564906,-81.579597,15.286501099622292
34.1_16.1,24.1_1.2,41.469970000000004,-81.72552,41.564906,-81.579597,16.112770185485434
35.1,24.1_1.2,41.463988,-81.645973,41.564906,-81.579597,12.522670304251774
35.2,24.1_1.2,41.54031,-81.60699,41.564906,-81.579597,3.5642954439551024
1.1,25.1,41.456319,-81.639257,41.46717,-81.63003,1.4323371600865875
2.1,25.1,41.57947,-81.56615,41.46717,-81.63003,13.587646013151732
3.1,25.1,41.575635,-81.541699,41.46717,-81.63003,14.141683867161039
5.1_19.3_24.2,25.1,41.46274,-81.65997,41.46717,-81.63003,2.5457696946888935
7.1_4.1,25.1,41.476985,-81.682376,41.46717,-81.63003,4.500776105874713
7.2,25.1,41.44539,-81.53876,41.46717,-81.63003,7.991298572905302
8.1_34.2,25.1,41.446336,-81.650709,41.46717,-81.63003,2.890543745095023
9.1_17.2,25.1,41.49211735298013,-81.67856,41.46717,-81.63003,4.908535974462716
9.2,25.1,41.50604,-81.66306,41.46717,-81.63003,5.129279105225064
11.1_32.1_18.2,25.1,41.56206,-81.564009,41.46717,-81.63003,11.9106617376763
12.1_5.2,25.1,41.49409,-81.70976,41.46717,-81.63003,7.293431229739726
13.1_33.2,25.1,41.489571,-81.71175,41.46717,-81.63003,7.25741364118893
14.1,25.1,41.49537,-81.63033,41.46717,-81.63003,3.1393093394393548
15.1,25.1,41.552492,-81.591944,41.46717,-81.63003,10.014582663720928
18.1_26.1,25.1,41.47918,-81.75257,41.46717,-81.63003,10.307872307119428
19.1,25.1,41.462862,-81.647249,41.46717,-81.63003,1.5143226872428095
19.2,25.1,41.46491,-81.59068,41.46717,-81.63003,3.2920889175043957
20.1,25.1,41.569957,-81.541194,41.46717,-81.63003,13.628992541400825
20.2,25.1,41.50459,-81.6439,41.46717,-81.63003,4.323174247408749
21.1,25.1,41.486323,-81.624582,41.46717,-81.63003,2.179982125216779
22.1,25.1,41.44404,-81.72271,41.46717,-81.63003,8.14976987042655
23.1,25.1,41.449672,-81.564,41.46717,-81.63003,5.842919438222674
24.1_1.2,25.1,41.564906,-81.579597,41.46717,-81.63003,11.663790499405298
25.1,25.1,41.46717,-81.63003,41.46717,-81.63003,0
27.1,25.1,41.50541,-81.66791,41.46717,-81.63003,5.300865703025552
28.1,25.1,41.46308,-81.69823,41.46717,-81.63003,5.707314101907159
29.1,25.1,41.43498,-81.81362,41.46717,-81.63003,15.731620473382733
30.1_17.1,25.1,41.47473,-81.72846,41.46717,-81.63003,8.253140391524243
31.2,25.1,41.47218,-81.69863,41.46717,-81.63003,5.7492050954551335
32.2,25.1,41.47214,-81.62353,41.46717,-81.63003,0.7746316805649205
33.1,25.1,41.4668,-81.70792,41.46717,-81.63003,6.497391596996826
34.1_16.1,25.1,41.469970000000004,-81.72552,41.46717,-81.63003,7.971281553845632
35.1,25.1,41.463988,-81.645973,41.46717,-81.63003,1.3762917537625463
35.2,25.1,41.54031,-81.60699,41.46717,-81.63003,8.365415336689336
1.1,27.1,41.456319,-81.639257,41.50541,-81.66791,5.964400823508074
2.1,27.1,41.57947,-81.56615,41.50541,-81.66791,11.82598657151762
3.1,27.1,41.575635,-81.541699,41.50541,-81.66791,13.103402168741233
5.1_19.3_24.2,27.1,41.46274,-81.65997,41.50541,-81.66791,4.79593206590399
7.1_4.1,27.1,41.476985,-81.682376,41.50541,-81.66791,3.386375884403553
7.2,27.1,41.44539,-81.53876,41.50541,-81.66791,12.675638196996111
8.1_34.2,27.1,41.446336,-81.650709,41.50541,-81.66791,6.730759090895233
9.1_17.2,27.1,41.49211735298013,-81.67856,41.50541,-81.66791,1.7257016809467731
9.2,27.1,41.50604,-81.66306,41.50541,-81.66791,0.41036225170623286
11.1_32.1_18.2,27.1,41.56206,-81.564009,41.50541,-81.66791,10.711246196277417
12.1_5.2,27.1,41.49409,-81.70976,41.50541,-81.66791,3.7097686880871055
13.1_33.2,27.1,41.489571,-81.71175,41.50541,-81.66791,4.058268569562017
14.1,27.1,41.49537,-81.63033,41.50541,-81.66791,3.3265266872625396
15.1,27.1,41.552492,-81.591944,41.50541,-81.66791,8.218726311207552
18.1_26.1,27.1,41.47918,-81.75257,41.50541,-81.66791,7.639279118065501
19.1,27.1,41.462862,-81.647249,41.50541,-81.66791,5.040080936506493
19.2,27.1,41.46491,-81.59068,41.50541,-81.66791,7.861601414703566
20.1,27.1,41.569957,-81.541194,41.50541,-81.66791,12.771564712523187
20.2,27.1,41.50459,-81.6439,41.50541,-81.66791,2.0037203467618134
21.1,27.1,41.486323,-81.624582,41.50541,-81.66791,4.191144589682836
22.1,27.1,41.44404,-81.72271,41.50541,-81.66791,8.21964633321698
23.1,27.1,41.449672,-81.564,41.50541,-81.66791,10.658512035604863
24.1_1.2,27.1,41.564906,-81.579597,41.50541,-81.66791,9.900462687024328
25.1,27.1,41.46717,-81.63003,41.50541,-81.66791,5.300865703025552
27.1,27.1,41.50541,-81.66791,41.50541,-81.66791,0
28.1,27.1,41.46308,-81.69823,41.50541,-81.66791,5.347680238182223
29.1,27.1,41.43498,-81.81362,41.50541,-81.66791,14.463297758397394
30.1_17.1,27.1,41.47473,-81.72846,41.50541,-81.66791,6.095643286989964
31.2,27.1,41.47218,-81.69863,41.50541,-81.66791,4.499539316438782
32.2,27.1,41.47214,-81.62353,41.50541,-81.66791,5.235666940636639
33.1,27.1,41.4668,-81.70792,41.50541,-81.66791,5.441077117415494
34.1_16.1,27.1,41.469970000000004,-81.72552,41.50541,-81.66791,6.216367764728696
35.1,27.1,41.463988,-81.645973,41.50541,-81.66791,4.9607158834610665
35.2,27.1,41.54031,-81.60699,41.50541,-81.66791,6.393177039838729
1.1,28.1,41.456319,-81.639257,41.46308,-81.69823,4.97707148939213
2.1,28.1,41.57947,-81.56615,41.46308,-81.69823,17.00157530296387
3.1,28.1,41.575635,-81.541699,41.46308,-81.69823,18.08877956839103
5.1_19.3_24.2,28.1,41.46274,-81.65997,41.46308,-81.69823,3.191915727773041
7.1_4.1,28.1,41.476985,-81.682376,41.46308,-81.69823,2.0358689768087346
7.2,28.1,41.44539,-81.53876,41.46308,-81.69823,13.449883133575566
8.1_34.2,28.1,41.446336,-81.650709,41.46308,-81.69823,4.381042579216702
9.1_17.2,28.1,41.49211735298013,-81.67856,41.46308,-81.69823,3.6248959583113143
9.2,28.1,41.50604,-81.66306,41.46308,-81.69823,5.610025915496071
11.1_32.1_18.2,28.1,41.56206,-81.564009,41.46308,-81.69823,15.702954954951391
12.1_5.2,28.1,41.49409,-81.70976,41.46308,-81.69823,3.5834513001303083
13.1_33.2,28.1,41.489571,-81.71175,41.46308,-81.69823,3.1572011367036863
14.1,28.1,41.49537,-81.63033,41.46308,-81.69823,6.707349641145953
15.1,28.1,41.552492,-81.591944,41.46308,-81.69823,13.325689516732407
18.1_26.1,28.1,41.47918,-81.75257,41.46308,-81.69823,4.874007250286684
19.1,28.1,41.462862,-81.647249,41.46308,-81.69823,4.252956356444711
19.2,28.1,41.46491,-81.59068,41.46308,-81.69823,8.974101268522189
20.1,28.1,41.569957,-81.541194,41.46308,-81.69823,17.688397113163578
20.2,28.1,41.50459,-81.6439,41.46308,-81.69823,6.471526453060793
21.1,28.1,41.486323,-81.624582,41.46308,-81.69823,6.665369193237731
22.1,28.1,41.44404,-81.72271,41.46308,-81.69823,2.9434590914417087
23.1,28.1,41.449672,-81.564,41.46308,-81.69823,11.297768863359817
24.1_1.2,28.1,41.564906,-81.579597,41.46308,-81.69823,15.042385957492774
25.1,28.1,41.46717,-81.63003,41.46308,-81.69823,5.707314101907159
27.1,28.1,41.50541,-81.66791,41.46308,-81.69823,5.347680238182223
28.1,28.1,41.46308,-81.69823,41.46308,-81.69823,0
29.1,28.1,41.43498,-81.81362,41.46308,-81.69823,10.123420333298018
30.1_17.1,28.1,41.47473,-81.72846,41.46308,-81.69823,2.835538173820348
31.2,28.1,41.47218,-81.69863,41.46308,-81.69823,1.013556715109451
32.2,28.1,41.47214,-81.62353,41.46308,-81.69823,6.312198056710383
33.1,28.1,41.4668,-81.70792,41.46308,-81.69823,0.9082265308910933
34.1_16.1,28.1,41.469970000000004,-81.72552,41.46308,-81.69823,2.402172274875795
35.1,28.1,41.463988,-81.645973,41.46308,-81.69823,4.360466172882562
35.2,28.1,41.54031,-81.60699,41.46308,-81.69823,11.479333475222466
1.1,29.1,41.456319,-81.639257,41.43498,-81.81362,14.742063045314087
2.1,29.1,41.57947,-81.56615,41.43498,-81.81362,26.15937823151824
3.1,29.1,41.575635,-81.541699,41.43498,-81.81362,27.550846267055945
5.1_19.3_24.2,29.1,41.46274,-81.65997,41.43498,-81.81362,13.187602625942358
7.1_4.1,29.1,41.476985,-81.682376,41.43498,-81.81362,11.906316982463997
7.2,29.1,41.44539,-81.53876,41.43498,-81.81362,22.966402737136804
8.1_34.2,29.1,41.446336,-81.650709,41.43498,-81.81362,13.653523373464528
9.1_17.2,29.1,41.49211735298013,-81.67856,41.43498,-81.81362,12.938137837328469
9.2,29.1,41.50604,-81.66306,41.43498,-81.81362,14.842081056668011
11.1_32.1_18.2,29.1,41.56206,-81.564009,41.43498,-81.81362,25.16417695363218
12.1_5.2,29.1,41.49409,-81.70976,41.43498,-81.81362,10.87937302213536
13.1_33.2,29.1,41.489571,-81.71175,41.43498,-81.81362,10.447471617878183
14.1,29.1,41.49537,-81.63033,41.43498,-81.81362,16.702350220195953
15.1,29.1,41.552492,-81.591944,41.43498,-81.81362,22.644372215769238
18.1_26.1,29.1,41.47918,-81.75257,41.43498,-81.81362,7.081767234770234
19.1,29.1,41.462862,-81.647249,41.43498,-81.81362,14.224598616754767
19.2,29.1,41.46491,-81.59068,41.43498,-81.81362,18.897640770601498
20.1,29.1,41.569957,-81.541194,41.43498,-81.81362,27.23253454048087
20.2,29.1,41.50459,-81.6439,41.43498,-81.81362,16.138743098580537
21.1,29.1,41.486323,-81.624582,41.43498,-81.81362,16.77406078251542
22.1,29.1,41.44404,-81.72271,41.43498,-81.81362,7.65329295780733
23.1,29.1,41.449672,-81.564,41.43498,-81.81362,20.89428486959989
24.1_1.2,29.1,41.564906,-81.579597,41.43498,-81.81362,24.28738582926753
25.1,29.1,41.46717,-81.63003,41.43498,-81.81362,15.731620473382733
27.1,29.1,41.50541,-81.66791,41.43498,-81.81362,14.463297758397394
28.1,29.1,41.46308,-81.69823,41.43498,-81.81362,10.123420333298018
29.1,29.1,41.43498,-81.81362,41.43498,-81.81362,0
30.1_17.1,29.1,41.47473,-81.72846,41.43498,-81.81362,8.37027640755127
31.2,29.1,41.47218,-81.69863,41.43498,-81.81362,10.449539226793199
32.2,29.1,41.47214,-81.62353,41.43498,-81.81362,16.390392371634476
33.1,29.1,41.4668,-81.70792,41.43498,-81.81362,9.504006730717393
34.1_16.1,29.1,41.469970000000004,-81.72552,41.43498,-81.81362,8.31881012976135
35.1,29.1,41.463988,-81.645973,41.43498,-81.81362,14.356075547000925
35.2,29.1,41.54031,-81.60699,41.43498,-81.81362,20.841778214647434
1.1,30.1_17.1,41.456319,-81.639257,41.47473,-81.72846,7.718200032953723
2.1,30.1_17.1,41.57947,-81.56615,41.47473,-81.72846,17.858243402393978
3.1,30.1_17.1,41.575635,-81.541699,41.47473,-81.72846,19.194719623890126
5.1_19.3_24.2,30.1_17.1,41.46274,-81.65997,41.47473,-81.72846,5.86684098849911
7.1_4.1,30.1_17.1,41.476985,-81.682376,41.47473,-81.72846,3.8517987987587485
7.2,30.1_17.1,41.44539,-81.53876,41.47473,-81.72846,16.15919182160364
8.1_34.2,30.1_17.1,41.446336,-81.650709,41.47473,-81.72846,7.215464470134242
9.1_17.2,30.1_17.1,41.49211735298013,-81.67856,41.47473,-81.72846,4.589506859471424
9.2,30.1_17.1,41.50604,-81.66306,41.47473,-81.72846,6.47209214784835
11.1_32.1_18.2,30.1_17.1,41.56206,-81.564009,41.47473,-81.72846,16.80440894839755
12.1_5.2,30.1_17.1,41.49409,-81.70976,41.47473,-81.72846,2.6601801322270786
13.1_33.2,30.1_17.1,41.489571,-81.71175,41.47473,-81.72846,2.161342069498332
14.1,30.1_17.1,41.49537,-81.63033,41.47473,-81.72846,8.499752531369044
15.1,30.1_17.1,41.552492,-81.591944,41.47473,-81.72846,14.297710054743657
18.1_26.1,30.1_17.1,41.47918,-81.75257,41.47473,-81.72846,2.0709657346438015
19.1,30.1_17.1,41.462862,-81.647249,41.47473,-81.72846,6.901723289125561
19.2,30.1_17.1,41.46491,-81.59068,41.47473,-81.72846,11.544406163155301
20.1,30.1_17.1,41.569957,-81.541194,41.47473,-81.72846,18.867176795098118
20.2,30.1_17.1,41.50459,-81.6439,41.47473,-81.72846,7.795388022482133
21.1,30.1_17.1,41.486323,-81.624582,41.47473,-81.72846,8.758856590157892
22.1,30.1_17.1,41.44404,-81.72271,41.47473,-81.72846,3.4499080508541415
23.1,30.1_17.1,41.449672,-81.564,41.47473,-81.72846,14.000283048995785
24.1_1.2,30.1_17.1,41.564906,-81.579597,41.47473,-81.72846,15.959702518915815
25.1,30.1_17.1,41.46717,-81.63003,41.47473,-81.72846,8.253140391524243
27.1,30.1_17.1,41.50541,-81.66791,41.47473,-81.72846,6.095643286989964
28.1,30.1_17.1,41.46308,-81.69823,41.47473,-81.72846,2.835538173820348
29.1,30.1_17.1,41.43498,-81.81362,41.47473,-81.72846,8.37027640755127
30.1_17.1,30.1_17.1,41.47473,-81.72846,41.47473,-81.72846,0
31.2,30.1_17.1,41.47218,-81.69863,41.47473,-81.72846,2.5041876443078643
32.2,30.1_17.1,41.47214,-81.62353,41.47473,-81.72846,8.756702522517099
33.1,30.1_17.1,41.4668,-81.70792,41.47473,-81.72846,1.9273135838867943
34.1_16.1,30.1_17.1,41.469970000000004,-81.72552,41.47473,-81.72846,0.5838729560173583
35.1,30.1_17.1,41.463988,-81.645973,41.47473,-81.72846,6.983610415940861
35.2,30.1_17.1,41.54031,-81.60699,41.47473,-81.72846,12.48336739730186
1.1,31.2,41.456319,-81.639257,41.47218,-81.69863,5.2581638862437545
2.1,31.2,41.57947,-81.56615,41.47218,-81.69863,16.264923106740444
3.1,31.2,41.575635,-81.541699,41.47218,-81.69863,17.426762757412252
5.1_19.3_24.2,31.2,41.46274,-81.65997,41.47218,-81.69863,3.3917324606312635
7.1_4.1,31.2,41.476985,-81.682376,41.47218,-81.69863,1.4573889208867348
7.2,31.2,41.44539,-81.53876,41.47218,-81.69863,13.66672784409166
8.1_34.2,31.2,41.446336,-81.650709,41.47218,-81.69863,4.925400929173256
9.1_17.2,31.2,41.49211735298013,-81.67856,41.47218,-81.69863,2.7798013280108536
9.2,31.2,41.50604,-81.66306,41.47218,-81.69863,4.796367538658089
11.1_32.1_18.2,31.2,41.56206,-81.564009,41.47218,-81.69863,15.033797153976302
12.1_5.2,31.2,41.49409,-81.70976,41.47218,-81.69863,2.6096554300223973
13.1_33.2,31.2,41.489571,-81.71175,41.47218,-81.69863,2.223772427495513
14.1,31.2,41.49537,-81.63033,41.47218,-81.69863,6.2535258428027065
15.1,31.2,41.552492,-81.591944,41.47218,-81.69863,12.61013731883284
18.1_26.1,31.2,41.47918,-81.75257,41.47218,-81.69863,4.565834188195319
19.1,31.2,41.462862,-81.647249,41.47218,-81.69863,4.409687918104263
19.2,31.2,41.46491,-81.59068,41.47218,-81.69863,9.040819661566964
20.1,31.2,41.569957,-81.541194,41.47218,-81.69863,17.04848441640407
20.2,31.2,41.50459,-81.6439,41.47218,-81.69863,5.8176753295418715
21.1,31.2,41.486323,-81.624582,41.47218,-81.69863,6.373135007496809
22.1,31.2,41.44404,-81.72271,41.47218,-81.69863,3.7213628999257606
23.1,31.2,41.449672,-81.564,41.47218,-81.69863,11.507414620853828
24.1_1.2,31.2,41.564906,-81.579597,41.47218,-81.69863,14.317155637396493
25.1,31.2,41.46717,-81.63003,41.47218,-81.69863,5.7492050954551335
27.1,31.2,41.50541,-81.66791,41.47218,-81.69863,4.499539316438782
28.1,31.2,41.46308,-81.69823,41.47218,-81.69863,1.013556715109451
29.1,31.2,41.43498,-81.81362,41.47218,-81.69863,10.449539226793199
30.1_17.1,31.2,41.47473,-81.72846,41.47218,-81.69863,2.5041876443078643
31.2,31.2,41.47218,-81.69863,41.47218,-81.69863,0
32.2,31.2,41.47214,-81.62353,41.47218,-81.69863,6.264032366649935
33.1,31.2,41.4668,-81.70792,41.47218,-81.69863,0.9793646445991118
34.1_16.1,31.2,41.469970000000004,-81.72552,41.47218,-81.69863,2.2563628682748123
35.1,31.2,41.463988,-81.645973,41.47218,-81.69863,4.486021823184166
35.2,31.2,41.54031,-81.60699,41.47218,-81.69863,10.76491911357647
1.1,32.2,41.456319,-81.639257,41.47214,-81.62353,2.19612238063149
2.1,32.2,41.57947,-81.56615,41.47214,-81.62353,12.869376942933634
3.1,32.2,41.575635,-81.541699,41.47214,-81.62353,13.388284635129846
5.1_19.3_24.2,32.2,41.46274,-81.65997,41.47214,-81.62353,3.2147235106457352
7.1_4.1,32.2,41.476985,-81.682376,41.47214,-81.62353,4.937660547132148
7.2,32.2,41.44539,-81.53876,41.47214,-81.62353,7.673413827664993
8.1_34.2,32.2,41.446336,-81.650709,41.47214,-81.62353,3.6595667619527688
9.1_17.2,32.2,41.49211735298013,-81.67856,41.47214,-81.62353,5.099734050294363
9.2,32.2,41.50604,-81.66306,41.47214,-81.62353,5.010655195710874
11.1_32.1_18.2,32.2,41.56206,-81.564009,41.47214,-81.62353,11.171844877886956
12.1_5.2,32.2,41.49409,-81.70976,41.47214,-81.62353,7.594951163021605
13.1_33.2,32.2,41.489571,-81.71175,41.47214,-81.62353,7.6089497400328625
14.1,32.2,41.49537,-81.63033,41.47214,-81.62353,2.6474001445776727
15.1,32.2,41.552492,-81.591944,41.47214,-81.62353,9.324202848062882
18.1_26.1,32.2,41.47918,-81.75257,41.47214,-81.62353,10.791036091964314
19.1,32.2,41.462862,-81.647249,41.47214,-81.62353,2.2318787948089187
19.2,32.2,41.46491,-81.59068,41.47214,-81.62353,2.8559003203089857
20.1,32.2,41.569957,-81.541194,41.47214,-81.62353,12.870953776080087
20.2,32.2,41.50459,-81.6439,41.47214,-81.62353,3.9917601745976623
21.1,32.2,41.486323,-81.624582,41.47214,-81.62353,1.581280243357075
22.1,32.2,41.44404,-81.72271,41.47214,-81.62353,8.845859279700342
23.1,32.2,41.449672,-81.564,41.47214,-81.62353,5.560475606523982
24.1_1.2,32.2,41.564906,-81.579597,41.47214,-81.62353,10.956674453698946
25.1,32.2,41.46717,-81.63003,41.47214,-81.62353,0.7746316805649205
27.1,32.2,41.50541,-81.66791,41.47214,-81.62353,5.235666940636639
28.1,32.2,41.46308,-81.69823,41.47214,-81.62353,6.312198056710383
29.1,32.2,41.43498,-81.81362,41.47214,-81.62353,16.390392371634476
30.1_17.1,32.2,41.47473,-81.72846,41.47214,-81.62353,8.756702522517099
31.2,32.2,41.47218,-81.69863,41.47214,-81.62353,6.264032366649935
32.2,32.2,41.47214,-81.62353,41.47214,-81.62353,0
33.1,32.2,41.4668,-81.70792,41.47214,-81.62353,7.064249560649366
34.1_16.1,32.2,41.469970000000004,-81.72552,41.47214,-81.62353,8.510477887281018
35.1,32.2,41.463988,-81.645973,41.47214,-81.62353,2.08042381632007
35.2,32.2,41.54031,-81.60699,41.47214,-81.62353,7.712902593158887
1.1,33.1,41.456319,-81.639257,41.4668,-81.70792,5.8456802842319355
2.1,33.1,41.57947,-81.56615,41.4668,-81.70792,17.23135643192833
3.1,33.1,41.575635,-81.541699,41.4668,-81.70792,18.40417274494002
5.1_19.3_24.2,33.1,41.46274,-81.65997,41.4668,-81.70792,4.025379672278027
7.1_4.1,33.1,41.476985,-81.682376,41.4668,-81.70792,2.4135018104727437
7.2,33.1,41.44539,-81.53876,41.4668,-81.70792,14.312824947596592
8.1_34.2,33.1,41.446336,-81.650709,41.4668,-81.70792,5.2888263742945885
9.1_17.2,33.1,41.49211735298013,-81.67856,41.4668,-81.70792,3.733447494376959
9.2,33.1,41.50604,-81.66306,41.4668,-81.70792,5.751121683842003
11.1_32.1_18.2,33.1,41.56206,-81.564009,41.4668,-81.70792,16.010841564134605
12.1_5.2,33.1,41.49409,-81.70976,41.4668,-81.70792,3.04178211337818
13.1_33.2,33.1,41.489571,-81.71175,41.4668,-81.70792,2.554903036268639
14.1,33.1,41.49537,-81.63033,41.4668,-81.70792,7.210169902117726
15.1,33.1,41.552492,-81.591944,41.4668,-81.70792,13.581744041895396
18.1_26.1,33.1,41.47918,-81.75257,41.4668,-81.70792,3.9709850062094474
19.1,33.1,41.462862,-81.647249,41.4668,-81.70792,5.080041530432798
19.2,33.1,41.46491,-81.59068,41.4668,-81.70792,9.782107854024863
20.1,33.1,41.569957,-81.541194,41.4668,-81.70792,18.027266828183077
20.2,33.1,41.50459,-81.6439,41.4668,-81.70792,6.796986135372786
21.1,33.1,41.486323,-81.624582,41.4668,-81.70792,7.282526605860989
22.1,33.1,41.44404,-81.72271,41.4668,-81.70792,2.818137408354687
23.1,33.1,41.449672,-81.564,41.4668,-81.70792,12.157276262672289
24.1_1.2,33.1,41.564906,-81.579597,41.4668,-81.70792,15.286501099622292
25.1,33.1,41.46717,-81.63003,41.4668,-81.70792,6.497391596996826
27.1,33.1,41.50541,-81.66791,41.4668,-81.70792,5.441077117415494
28.1,33.1,41.46308,-81.69823,41.4668,-81.70792,0.9082265308910933
29.1,33.1,41.43498,-81.81362,41.4668,-81.70792,9.504006730717393
30.1_17.1,33.1,41.47473,-81.72846,41.4668,-81.70792,1.9273135838867943
31.2,33.1,41.47218,-81.69863,41.4668,-81.70792,0.9793646445991118
32.2,33.1,41.47214,-81.62353,41.4668,-81.70792,7.064249560649366
33.1,33.1,41.4668,-81.70792,41.4668,-81.70792,0
34.1_16.1,33.1,41.469970000000004,-81.72552,41.4668,-81.70792,1.5099029507223074
35.1,33.1,41.463988,-81.645973,41.4668,-81.70792,5.176961432117137
35.2,33.1,41.54031,-81.60699,41.4668,-81.70792,11.737348469141065
1.1,34.1_16.1,41.456319,-81.639257,41.469970000000004,-81.72552,7.354829157134805
2.1,34.1_16.1,41.57947,-81.56615,41.469970000000004,-81.72552,18.02771643613747
3.1,34.1_16.1,41.575635,-81.541699,41.469970000000004,-81.72552,19.315067669305805
5.1_19.3_24.2,34.1_16.1,41.46274,-81.65997,41.469970000000004,-81.72552,5.52687812008256
7.1_4.1,34.1_16.1,41.476985,-81.682376,41.469970000000004,-81.72552,3.6822896397946434
7.2,34.1_16.1,41.44539,-81.53876,41.469970000000004,-81.72552,15.81941361233925
8.1_34.2,34.1_16.1,41.446336,-81.650709,41.469970000000004,-81.72552,6.773127807822154
9.1_17.2,34.1_16.1,41.49211735298013,-81.67856,41.469970000000004,-81.72552,4.627766625145446
9.2,34.1_16.1,41.50604,-81.66306,41.469970000000004,-81.72552,6.576525708795844
11.1_32.1_18.2,34.1_16.1,41.56206,-81.564009,41.469970000000004,-81.72552,16.92120247262585
12.1_5.2,34.1_16.1,41.49409,-81.70976,41.469970000000004,-81.72552,2.989452367965362
13.1_33.2,34.1_16.1,41.489571,-81.71175,41.469970000000004,-81.72552,2.465735747496328
14.1,34.1_16.1,41.49537,-81.63033,41.469970000000004,-81.72552,8.426955129231285
15.1,34.1_16.1,41.552492,-81.591944,41.469970000000004,-81.72552,14.435054199086222
18.1_26.1,34.1_16.1,41.47918,-81.75257,41.469970000000004,-81.72552,2.4781620172090766
19.1,34.1_16.1,41.462862,-81.647249,41.469970000000004,-81.72552,6.576871178961982
19.2,34.1_16.1,41.46491,-81.59068,41.469970000000004,-81.72552,11.261809748149687
20.1,34.1_16.1,41.569957,-81.541194,41.469970000000004,-81.72552,18.971396806902412
20.2,34.1_16.1,41.50459,-81.6439,41.469970000000004,-81.72552,7.821618215482052
21.1,34.1_16.1,41.486323,-81.624582,41.469970000000004,-81.72552,8.61295548691169
22.1,34.1_16.1,41.44404,-81.72271,41.469970000000004,-81.72552,2.8960188116488585
23.1,34.1_16.1,41.449672,-81.564,41.469970000000004,-81.72552,13.662953223538368
24.1_1.2,34.1_16.1,41.564906,-81.579597,41.469970000000004,-81.72552,16.112770185485434
25.1,34.1_16.1,41.46717,-81.63003,41.469970000000004,-81.72552,7.971281553845632
27.1,34.1_16.1,41.50541,-81.66791,41.469970000000004,-81.72552,6.216367764728696
28.1,34.1_16.1,41.46308,-81.69823,41.469970000000004,-81.72552,2.402172274875795
29.1,34.1_16.1,41.43498,-81.81362,41.469970000000004,-81.72552,8.31881012976135
30.1_17.1,34.1_16.1,41.47473,-81.72846,41.469970000000004,-81.72552,0.5838729560173583
31.2,34.1_16.1,41.47218,-81.69863,41.469970000000004,-81.72552,2.2563628682748123
32.2,34.1_16.1,41.47214,-81.62353,41.469970000000004,-81.72552,8.510477887281018
33.1,34.1_16.1,41.4668,-81.70792,41.469970000000004,-81.72552,1.5099029507223074
34.1_16.1,34.1_16.1,41.469970000000004,-81.72552,41.469970000000004,-81.72552,0
35.1,34.1_16.1,41.463988,-81.645973,41.469970000000004,-81.72552,6.668812334879869
35.2,34.1_16.1,41.54031,-81.60699,41.469970000000004,-81.72552,12.60775366616216
1.1,35.1,41.456319,-81.639257,41.463988,-81.645973,1.0211429662498546
2.1,35.1,41.57947,-81.56615,41.463988,-81.645973,14.474874413336686
3.1,35.1,41.575635,-81.541699,41.463988,-81.645973,15.165781895111246
5.1_19.3_24.2,35.1,41.46274,-81.65997,41.463988,-81.645973,1.1758727647560685
7.1_4.1,35.1,41.476985,-81.682376,41.463988,-81.645973,3.3635032292664357
7.2,35.1,41.44539,-81.53876,41.463988,-81.645973,9.181422963968553
8.1_34.2,35.1,41.446336,-81.650709,41.463988,-81.645973,2.0043448154817165
9.1_17.2,35.1,41.49211735298013,-81.67856,41.463988,-81.645973,4.146300245897563
9.2,35.1,41.50604,-81.66306,41.463988,-81.645973,4.893273685394631
11.1_32.1_18.2,35.1,41.56206,-81.564009,41.463988,-81.645973,12.878953929010134
12.1_5.2,35.1,41.49409,-81.70976,41.463988,-81.645973,6.287263366939479
13.1_33.2,35.1,41.489571,-81.71175,41.463988,-81.645973,6.181167064889152
14.1,35.1,41.49537,-81.63033,41.463988,-81.645973,3.7290844739437796
15.1,35.1,41.552492,-81.591944,41.463988,-81.645973,10.832926855764088
18.1_26.1,35.1,41.47918,-81.75257,41.463988,-81.645973,9.050654617079863
19.1,35.1,41.462862,-81.647249,41.463988,-81.645973,0.16444446959278683
19.2,35.1,41.46491,-81.59068,41.463988,-81.645973,4.613635205447327
20.1,35.1,41.569957,-81.541194,41.463988,-81.645973,14.67750481954462
20.2,35.1,41.50459,-81.6439,41.463988,-81.645973,4.523098851527993
21.1,35.1,41.486323,-81.624582,41.463988,-81.645973,3.0602105666218136
22.1,35.1,41.44404,-81.72271,41.463988,-81.645973,6.77652714764321
23.1,35.1,41.449672,-81.564,41.463988,-81.645973,7.02214566786067
24.1_1.2,35.1,41.564906,-81.579597,41.463988,-81.645973,12.522670304251774
25.1,35.1,41.46717,-81.63003,41.463988,-81.645973,1.3762917537625463
27.1,35.1,41.50541,-81.66791,41.463988,-81.645973,4.9607158834610665
28.1,35.1,41.46308,-81.69823,41.463988,-81.645973,4.360466172882562
29.1,35.1,41.43498,-81.81362,41.463988,-81.645973,14.356075547000925
30.1_17.1,35.1,41.47473,-81.72846,41.463988,-81.645973,6.983610415940861
31.2,35.1,41.47218,-81.69863,41.463988,-81.645973,4.486021823184166
32.2,35.1,41.47214,-81.62353,41.463988,-81.645973,2.08042381632007
33.1,35.1,41.4668,-81.70792,41.463988,-81.645973,5.176961432117137
34.1_16.1,35.1,41.469970000000004,-81.72552,41.463988,-81.645973,6.668812334879869
35.1,35.1,41.463988,-81.645973,41.463988,-81.645973,0
35.2,35.1,41.54031,-81.60699,41.463988,-81.645973,9.096531753967916
1.1,35.2,41.456319,-81.639257,41.54031,-81.60699,9.729183687711627
2.1,35.2,41.57947,-81.56615,41.54031,-81.60699,5.5295214788075056
3.1,35.2,41.575635,-81.541699,41.54031,-81.60699,6.711365468132094
5.1_19.3_24.2,35.2,41.46274,-81.65997,41.54031,-81.60699,9.699183886015822
7.1_4.1,35.2,41.476985,-81.682376,41.54031,-81.60699,9.443818515355277
7.2,35.2,41.44539,-81.53876,41.54031,-81.60699,12.00069469062085
8.1_34.2,35.2,41.446336,-81.650709,41.54031,-81.60699,11.078093765061631
9.1_17.2,35.2,41.49211735298013,-81.67856,41.54031,-81.60699,8.022998675846946
9.2,35.2,41.50604,-81.66306,41.54031,-81.60699,6.032512041359892
11.1_32.1_18.2,35.2,41.56206,-81.564009,41.54031,-81.60699,4.322402752302521
12.1_5.2,35.2,41.49409,-81.70976,41.54031,-81.60699,9.992465651380925
13.1_33.2,35.2,41.489571,-81.71175,41.54031,-81.60699,10.39968909530503
14.1,35.2,41.49537,-81.63033,41.54031,-81.60699,5.367640104618457
15.1,35.2,41.552492,-81.591944,41.54031,-81.60699,1.8467118865480978
18.1_26.1,35.2,41.47918,-81.75257,41.54031,-81.60699,13.913369704308673
19.1,35.2,41.462862,-81.647249,41.54031,-81.60699,9.251783816757023
19.2,35.2,41.46491,-81.59068,41.54031,-81.60699,8.502918752655932
20.1,35.2,41.569957,-81.541194,41.54031,-81.60699,6.397878006991925
20.2,35.2,41.50459,-81.6439,41.54031,-81.60699,5.027374479975133
21.1,35.2,41.486323,-81.624582,41.54031,-81.60699,6.186121291435436
22.1,35.2,41.44404,-81.72271,41.54031,-81.60699,14.420607004959122
23.1,35.2,41.449672,-81.564,41.54031,-81.60699,10.707576716988706
24.1_1.2,35.2,41.564906,-81.579597,41.54031,-81.60699,3.5642954439551024
25.1,35.2,41.46717,-81.63003,41.54031,-81.60699,8.365415336689336
27.1,35.2,41.50541,-81.66791,41.54031,-81.60699,6.393177039838729
28.1,35.2,41.46308,-81.69823,41.54031,-81.60699,11.479333475222466
29.1,35.2,41.43498,-81.81362,41.54031,-81.60699,20.841778214647434
30.1_17.1,35.2,41.47473,-81.72846,41.54031,-81.60699,12.48336739730186
31.2,35.2,41.47218,-81.69863,41.54031,-81.60699,10.76491911357647
32.2,35.2,41.47214,-81.62353,41.54031,-81.60699,7.712902593158887
33.1,35.2,41.4668,-81.70792,41.54031,-81.60699,11.737348469141065
34.1_16.1,35.2,41.469970000000004,-81.72552,41.54031,-81.60699,12.60775366616216
35.1,35.2,41.463988,-81.645973,41.54031,-81.60699,9.096531753967916
35.2,35.2,41.54031,-81.60699,41.54031,-81.60699,0
