site_number,date,frm_pm25,n_frm_obs
0034,2024-11-02,2.9,1
0034,2024-11-05,5.6,1
0034,2024-11-08,5.2,1
0034,2024-11-11,2.8,1
0034,2024-11-14,2.6,1
0034,2024-11-17,5.8,1
0034,2024-11-20,3.3,1
0034,2024-11-23,1.4,1
0034,2024-11-26,4,1
0034,2024-11-29,6.3,1
0034,2024-12-02,7.9,1
0034,2024-12-05,1.7,1
0034,2024-12-08,7.3,1
0034,2024-12-11,7,1
0034,2024-12-14,9.3,1
0034,2024-12-17,8.3,1
0034,2024-12-20,7.4,1
0034,2024-12-23,6.4,1
0034,2024-12-26,6.8,1
0034,2024-12-29,3.2,1
0034,2025-01-01,2.2,1
0034,2025-01-04,2.5,1
0034,2025-01-07,1.3,1
0034,2025-01-10,16.5,1
0034,2025-01-13,5.2,1
0034,2025-01-16,NA,1
0034,2025-01-19,2.2,1
0034,2025-01-22,8.4,1
0034,2025-01-25,14.5,1
0034,2025-01-28,5.2,1
0034,2025-01-31,7,1
0034,2025-02-03,13.8,1
0034,2025-02-06,7.7,1
0034,2025-02-09,7.2,1
0034,2025-02-12,14.6,1
0034,2025-02-15,8.9,1
0034,2025-02-18,3.7,1
0034,2025-02-21,4.4,1
0034,2025-02-24,9.5,1
0034,2025-02-27,12.7,1
0034,2025-03-02,2.9,1
0034,2025-03-05,4.2,1
0034,2025-03-08,2.9,1
0034,2025-03-11,5.5,1
0034,2025-03-14,10.3,1
0034,2025-03-17,2.8,1
0034,2025-03-20,4.6,1
0034,2025-03-23,3.9,1
0034,2025-03-26,4.2,1
0034,2025-03-29,11,1
0034,2025-04-01,3.9,1
0034,2025-04-04,4.4,1
0034,2025-04-07,5.9,1
0034,2025-04-10,8.9,1
0034,2025-04-13,7.2,1
0034,2025-04-16,4.2,1
0034,2025-04-19,8.8,1
0034,2025-04-22,3.7,1
0034,2025-04-25,5.5,1
0034,2025-04-28,4.3,1
0034,2025-05-01,6.8,1
0034,2025-05-04,3,1
0034,2025-05-07,4.6,1
0034,2025-05-10,7.2,1
0034,2025-05-13,6,1
0034,2025-05-16,12,1
0034,2025-05-19,5.7,1
0034,2025-05-22,0.6,1
0034,2025-05-25,13.3,1
0034,2025-05-28,3.9,1
0034,2025-05-31,6.4,1
0034,2025-06-03,16.6,1
0034,2025-06-06,26.8,1
0034,2025-06-09,13.9,1
0034,2025-06-12,18.9,1
0034,2025-06-15,11.7,1
0034,2025-06-18,6.3,1
0034,2025-06-21,9.2,1
0034,2025-06-24,17.3,1
0034,2025-06-27,12.5,1
0034,2025-06-30,8.2,1
0034,2025-07-03,15.9,1
0034,2025-07-06,12,1
0034,2025-07-09,11.6,1
0034,2025-07-12,9.9,1
0034,2025-07-15,25.4,1
0034,2025-07-18,0.7,1
0034,2025-07-21,13.4,1
0034,2025-07-24,22.8,1
0034,2025-07-27,5.4,1
0034,2025-07-30,7.4,1
0034,2025-08-02,5.9,1
0034,2025-08-05,19.7,1
0034,2025-08-08,11.9,1
0034,2025-08-11,13.7,1
0034,2025-08-14,14.6,1
0034,2025-08-17,9.7,1
0034,2025-08-20,1.4,1
0034,2025-08-23,6.7,1
0034,2025-08-26,3.2,1
0034,2025-08-29,1.6,1
0034,2025-09-01,4.1,1
0034,2025-09-04,6,1
0034,2025-09-07,4,1
0034,2025-09-10,6.2,1
0034,2025-09-13,10.4,1
0034,2025-09-16,10.3,1
0034,2025-09-19,8.9,1
0034,2025-09-22,8.2,1
0034,2025-09-25,8.7,1
0034,2025-09-28,10,1
0034,2025-10-01,4.1,1
0034,2025-10-04,12,1
0034,2025-10-07,3.9,1
0034,2025-10-10,5.5,1
0034,2025-10-13,4.6,1
0034,2025-10-16,2.7,1
0034,2025-10-19,7.3,1
0034,2025-10-22,3.5,1
0034,2025-10-25,5,1
0034,2025-10-28,5,1
0034,2025-10-31,5.2,1
0034,2025-11-03,5.6,1
0034,2025-11-06,3.2,1
0034,2025-11-09,3.2,1
0034,2025-11-12,5.6,1
0034,2025-11-15,12,1
0034,2025-11-18,9.4,1
0034,2025-11-21,13.1,1
0034,2025-11-24,4.6,1
0034,2025-11-27,2,1
0034,2025-11-30,4.8,1
0034,2025-12-03,13.7,1
0034,2025-12-06,21.2,1
0034,2025-12-09,7.4,1
0034,2025-12-12,6.1,1
0034,2025-12-15,11.7,1
0034,2025-12-18,7.1,1
0034,2025-12-21,5.7,1
0034,2025-12-24,12,1
0034,2025-12-27,5.5,1
0034,2025-12-30,4.5,1
0038,2024-11-02,3.75,2
0038,2024-11-05,6.4,2
0038,2024-11-08,4.45,2
0038,2024-11-11,2.95,2
0038,2024-11-14,8.15,2
0038,2024-11-17,9.75,2
0038,2024-11-20,6.65,2
0038,2024-11-23,1.5,2
0038,2024-11-26,4.45,2
0038,2024-11-29,6.45,2
0038,2024-12-02,8.25,2
0038,2024-12-05,2,2
0038,2024-12-08,9.850000000000001,2
0038,2024-12-11,8.4,2
0038,2024-12-14,12.600000000000001,2
0038,2024-12-17,8.25,2
0038,2024-12-20,8.9,2
0038,2024-12-23,9.4,2
0038,2024-12-26,11.2,2
0038,2024-12-29,6.45,2
0038,2025-01-01,2.45,2
0038,2025-01-04,3.15,2
0038,2025-01-07,1.65,2
0038,2025-01-10,24.950000000000003,2
0038,2025-01-13,5.550000000000001,2
0038,2025-01-16,17.25,2
0038,2025-01-19,1.95,2
0038,2025-01-22,12.4,2
0038,2025-01-25,15.05,2
0038,2025-01-28,5.35,2
0038,2025-01-31,15,2
0038,2025-02-03,17.5,2
0038,2025-02-06,8.35,2
0038,2025-02-09,7.75,2
0038,2025-02-12,16.549999999999997,2
0038,2025-02-15,13.6,2
0038,2025-02-18,5,2
0038,2025-02-21,4.550000000000001,2
0038,2025-02-24,12.35,2
0038,2025-02-27,14.7,2
0038,2025-03-02,2.9,2
0038,2025-03-05,5,2
0038,2025-03-08,3.1,2
0038,2025-03-11,5.2,2
0038,2025-03-14,17.15,2
0038,2025-03-17,3.6,2
0038,2025-03-20,6.25,2
0038,2025-03-23,7.35,2
0038,2025-03-26,5.35,2
0038,2025-03-29,14.3,2
0038,2025-04-01,4.75,2
0038,2025-04-04,5.9,2
0038,2025-04-07,7.3,2
0038,2025-04-10,10.4,2
0038,2025-04-11,7.050000000000001,2
0038,2025-04-13,8.95,2
0038,2025-04-16,3.6,2
0038,2025-04-19,9.399999999999999,2
0038,2025-04-22,5.85,2
0038,2025-04-25,8.95,2
0038,2025-04-28,11.15,2
0038,2025-05-01,9.85,2
0038,2025-05-04,4.6,2
0038,2025-05-07,6,2
0038,2025-05-10,5.95,2
0038,2025-05-13,7.35,2
0038,2025-05-16,11.4,2
0038,2025-05-19,4.1,2
0038,2025-05-22,1.9,2
0038,2025-05-25,8.2,2
0038,2025-05-28,7.1,2
0038,2025-05-31,6.45,2
0038,2025-06-03,20.35,2
0038,2025-06-06,27.85,2
0038,2025-06-09,11.05,2
0038,2025-06-12,21.05,2
0038,2025-06-15,9.649999999999999,2
0038,2025-06-18,7.5,2
0038,2025-06-21,11.25,2
0038,2025-06-24,16.6,2
0038,2025-06-27,13.75,2
0038,2025-06-30,10.25,2
0038,2025-07-03,15.55,2
0038,2025-07-06,13.3,2
0038,2025-07-09,21.55,2
0038,2025-07-12,13.5,2
0038,2025-07-15,29.299999999999997,2
0038,2025-07-18,7.25,2
0038,2025-07-21,16.4,2
0038,2025-07-24,16.7,2
0038,2025-07-27,6.05,2
0038,2025-07-30,10,2
0038,2025-08-02,6.85,2
0038,2025-08-05,23.4,2
0038,2025-08-08,14.5,2
0038,2025-08-11,17,2
0038,2025-08-14,13.95,2
0038,2025-08-17,9,2
0038,2025-08-20,4.4,2
0038,2025-08-23,7.95,2
0038,2025-08-26,3.1,2
0038,2025-08-29,2.8,2
0038,2025-09-01,9.15,2
0038,2025-09-04,7.300000000000001,2
0038,2025-09-07,4.699999999999999,2
0038,2025-09-10,14.7,2
0038,2025-09-13,13,2
0038,2025-09-16,15.399999999999999,2
0038,2025-09-19,11.600000000000001,2
0038,2025-09-22,10.7,2
0038,2025-09-25,9,2
0038,2025-09-28,12.4,2
0038,2025-10-01,4.45,2
0038,2025-10-04,19.45,2
0038,2025-10-07,4.5,2
0038,2025-10-10,13.35,2
0038,2025-10-13,8.4,2
0038,2025-10-16,3.55,2
0038,2025-10-19,9.75,2
0038,2025-10-22,3.3,2
0038,2025-10-25,6,2
0038,2025-10-28,6.7,2
0038,2025-10-31,3.9,2
0038,2025-11-03,7.449999999999999,2
0038,2025-11-06,6.3,1
0038,2025-11-09,3.75,2
0038,2025-11-12,5.2,1
0038,2025-11-15,17.4,2
0038,2025-11-18,18.7,1
0038,2025-11-21,13,2
0038,2025-11-24,14.1,1
0038,2025-11-27,2.55,2
0038,2025-11-30,7,1
0038,2025-12-03,13.2,2
0038,2025-12-06,20.4,1
0038,2025-12-09,14.75,2
0038,2025-12-12,8.1,1
0038,2025-12-15,11.1,2
0038,2025-12-18,16.6,1
0038,2025-12-21,7.3,2
0038,2025-12-24,15.9,1
0038,2025-12-27,5.65,2
0038,2025-12-30,0.7,1
0045,2024-11-02,1.5,1
0045,2024-11-05,4,1
0045,2024-11-08,5.5,1
0045,2024-11-11,3.7,1
0045,2024-11-14,2.3,1
0045,2024-11-17,5.6,1
0045,2024-11-20,NA,1
0045,2024-11-23,1.2,1
0045,2024-11-26,NA,1
0045,2024-11-28,1.8,1
0045,2024-11-29,2.9,1
0045,2024-12-02,3.4,1
0045,2024-12-05,1.8,1
0045,2024-12-08,3.2,1
0045,2024-12-11,3.6,1
0045,2024-12-14,5.2,1
0045,2024-12-17,5.2,1
0045,2024-12-20,4.4,1
0045,2024-12-23,4,1
0045,2024-12-26,5,1
0045,2024-12-29,2.5,1
0045,2025-01-01,4.1,1
0045,2025-01-04,5.2,1
0045,2025-01-07,2.7,1
0045,2025-01-10,15.1,1
0045,2025-01-13,5,1
0045,2025-01-16,18.2,1
0045,2025-01-19,2,1
0045,2025-01-22,8,1
0045,2025-01-25,12,1
0045,2025-01-28,5.2,1
0045,2025-01-31,6.5,1
0045,2025-02-03,10.7,1
0045,2025-02-06,9.4,1
0045,2025-02-09,10.2,1
0045,2025-02-12,12.8,1
0045,2025-02-15,7.7,1
0045,2025-02-18,6.5,1
0045,2025-02-21,6,1
0045,2025-02-24,8.9,1
0045,2025-02-27,11.1,1
0045,2025-03-02,3.5,1
0045,2025-03-05,2.8,1
0045,2025-03-08,4.3,1
0045,2025-03-11,5,1
0045,2025-03-14,9.7,1
0045,2025-03-17,6.4,1
0045,2025-03-20,6.4,1
0045,2025-03-23,4.2,1
0045,2025-03-26,4.1,1
0045,2025-03-29,14.8,1
0045,2025-04-01,NA,1
0045,2025-04-04,NA,1
0045,2025-04-05,6.8,1
0045,2025-04-07,7.5,1
0045,2025-04-10,9.2,1
0045,2025-04-13,7.1,1
0045,2025-04-16,6.6,1
0045,2025-04-19,12.5,1
0045,2025-04-22,6.2,1
0045,2025-04-25,6.4,1
0045,2025-04-28,5.5,1
0045,2025-05-01,6.3,1
0045,2025-05-04,4.1,1
0045,2025-05-07,5.5,1
0045,2025-05-10,8.9,1
0045,2025-05-13,5.6,1
0045,2025-05-16,10.5,1
0045,2025-05-19,6.7,1
0045,2025-05-22,6.7,1
0045,2025-05-25,10,1
0045,2025-05-28,6.2,1
0045,2025-05-31,9.1,1
0045,2025-06-03,11.3,1
0045,2025-06-06,22.6,1
0045,2025-06-09,15.4,1
0045,2025-06-12,20.1,1
0045,2025-06-15,8.9,1
0045,2025-06-18,5.8,1
0045,2025-06-21,8.5,1
0045,2025-06-24,NA,1
0045,2025-06-27,NA,1
0045,2025-06-30,9.6,1
0045,2025-07-01,11.7,1
0045,2025-07-03,17.2,1
0045,2025-07-04,35.2,1
0045,2025-07-06,11.9,1
0045,2025-07-09,15.4,1
0045,2025-07-12,8.1,1
0045,2025-07-15,25.5,1
0045,2025-07-18,2.6,1
0045,2025-07-21,14.9,1
0045,2025-07-24,14.3,1
0045,2025-07-27,7.4,1
0045,2025-07-30,11.7,1
0045,2025-08-02,4.3,1
0045,2025-08-05,21,1
0045,2025-08-08,11.5,1
0045,2025-08-11,14.2,1
0045,2025-08-14,13.4,1
0045,2025-08-17,9,1
0045,2025-08-20,5,1
0045,2025-08-23,NA,1
0045,2025-08-26,6.5,1
0045,2025-08-29,1.7,1
0045,2025-08-30,4.2,1
0045,2025-09-01,5.8,1
0045,2025-09-04,6.4,1
0045,2025-09-07,5.5,1
0045,2025-09-10,7.1,1
0045,2025-09-13,11.2,1
0045,2025-09-16,11.2,1
0045,2025-09-19,9.8,1
0045,2025-09-22,7.9,1
0045,2025-09-25,NA,1
0045,2025-09-28,NA,1
0045,2025-10-01,NA,1
0045,2025-10-04,NA,1
0045,2025-10-07,NA,1
0045,2025-10-10,NA,1
0045,2025-10-13,NA,1
0045,2025-10-16,NA,1
0045,2025-10-19,NA,1
0045,2025-10-22,NA,1
0045,2025-10-25,5.2,1
0045,2025-10-28,5,1
0045,2025-10-31,6.7,1
0045,2025-11-03,9.9,1
0045,2025-11-06,6.4,1
0045,2025-11-09,3.7,1
0045,2025-11-12,9,1
0045,2025-11-15,12.9,1
0045,2025-11-18,12.5,1
0045,2025-11-21,NA,1
0045,2025-11-24,NA,1
0045,2025-11-27,NA,1
0045,2025-11-30,NA,1
0045,2025-12-03,NA,1
0045,2025-12-06,NA,1
0045,2025-12-09,7.9,1
0045,2025-12-12,9,1
0045,2025-12-15,11.3,1
0045,2025-12-18,7.5,1
0045,2025-12-21,10.7,1
0045,2025-12-24,12.9,1
0045,2025-12-27,5.1,1
0045,2025-12-30,11,1
0060,2024-11-02,4.7,1
0060,2024-11-05,9.1,1
0060,2024-11-08,5.7,1
0060,2024-11-11,3.3,1
0060,2024-11-14,6.3,1
0060,2024-11-17,8.9,1
0060,2024-11-20,7,1
0060,2024-11-23,1.4,1
0060,2024-11-26,4.6,1
0060,2024-11-29,7.3,1
0060,2024-12-02,8,1
0060,2024-12-05,NA,1
0060,2024-12-07,7.6,1
0060,2024-12-08,9.2,1
0060,2024-12-11,7.8,1
0060,2024-12-14,11.3,1
0060,2024-12-17,8.6,1
0060,2024-12-20,9.4,1
0060,2024-12-23,9.4,1
0060,2024-12-26,NA,1
0060,2024-12-28,4.8,1
0060,2024-12-29,NA,1
0060,2025-01-01,2.7,1
0060,2025-01-04,3.1,1
0060,2025-01-05,10.7,1
0060,2025-01-07,2.7,1
0060,2025-01-10,22.2,1
0060,2025-01-13,5.7,1
0060,2025-01-16,18.2,1
0060,2025-01-19,2.4,1
0060,2025-01-22,11.4,1
0060,2025-01-25,14.7,1
0060,2025-01-28,5.8,1
0060,2025-01-31,10.4,1
0060,2025-02-03,16.3,1
0060,2025-02-06,9.2,1
0060,2025-02-09,7.5,1
0060,2025-02-12,NA,1
0060,2025-02-15,12.1,1
0060,2025-02-18,5.1,1
0060,2025-02-21,4.8,1
0060,2025-02-24,12.3,1
0060,2025-02-27,13.5,1
0060,2025-03-02,3.5,1
0060,2025-03-05,5,1
0060,2025-03-08,NA,1
0060,2025-03-11,5.6,1
0060,2025-03-14,18.6,1
0060,2025-03-17,3.6,1
0060,2025-03-20,5.2,1
0060,2025-03-23,5.5,1
0060,2025-03-26,4.4,1
0060,2025-03-29,10.2,1
0060,2025-04-01,3.5,1
0060,2025-04-04,6.3,1
0060,2025-04-07,6.7,1
0060,2025-04-10,10.1,1
0060,2025-04-13,9.6,1
0060,2025-04-16,5.5,1
0060,2025-04-19,NA,1
0060,2025-04-22,5.2,1
0060,2025-04-25,9.8,1
0060,2025-04-26,3.9,1
0060,2025-04-28,9.7,1
0060,2025-05-01,9.2,1
0060,2025-05-04,4.8,1
0060,2025-05-07,5.7,1
0060,2025-05-10,5.8,1
0060,2025-05-13,8.2,1
0060,2025-05-16,10.2,1
0060,2025-05-19,5.9,1
0060,2025-05-22,0.5,1
0060,2025-05-25,12.7,1
0060,2025-05-28,3.4,1
0060,2025-05-31,7,1
0060,2025-06-03,28.4,1
0060,2025-06-06,29.5,1
0060,2025-06-09,12,1
0060,2025-06-12,20.5,1
0060,2025-06-15,10.3,1
0060,2025-06-18,7.1,1
0060,2025-06-21,12.6,1
0060,2025-06-24,17.3,1
0060,2025-06-27,15,1
0060,2025-06-30,10.3,1
0060,2025-07-03,15.5,1
0060,2025-07-06,16,1
0060,2025-07-09,21.3,1
0060,2025-07-12,12.5,1
0060,2025-07-15,30.9,1
0060,2025-07-18,4.8,1
0060,2025-07-21,16.2,1
0060,2025-07-24,21.6,1
0060,2025-07-27,10.4,1
0060,2025-07-30,13.7,1
0060,2025-08-02,7.2,1
0060,2025-08-05,24.8,1
0060,2025-08-08,15.4,1
0060,2025-08-11,18.6,1
0060,2025-08-14,15.4,1
0060,2025-08-17,9,1
0060,2025-08-20,2.9,1
0060,2025-08-23,7.8,1
0060,2025-08-26,3.7,1
0060,2025-08-29,2.5,1
0060,2025-09-01,5.6,1
0060,2025-09-04,6.2,1
0060,2025-09-07,3.9,1
0060,2025-09-10,11.7,1
0060,2025-09-13,15,1
0060,2025-09-16,14.2,1
0060,2025-09-19,13.2,1
0060,2025-09-22,9.4,1
0060,2025-09-25,11.7,1
0060,2025-09-28,13.4,1
0060,2025-10-01,5.5,1
0060,2025-10-04,16.4,1
0060,2025-10-07,4.3,1
0060,2025-10-10,9.2,1
0060,2025-10-13,7.7,1
0060,2025-10-16,4.5,1
0060,2025-10-19,9.6,1
0060,2025-10-22,3.4,1
0060,2025-10-25,5.4,1
0060,2025-10-28,5.5,1
0060,2025-10-31,4.7,1
0060,2025-11-03,8.5,1
0060,2025-11-06,4.6,1
0060,2025-11-09,3.3,1
0060,2025-11-12,5.3,1
0060,2025-11-15,14.5,1
0060,2025-11-18,NA,1
0060,2025-11-21,14,1
0060,2025-11-24,10,1
0060,2025-11-25,7.9,1
0060,2025-11-27,2.5,1
0060,2025-11-30,NA,1
0060,2025-12-03,NA,1
0060,2025-12-04,8.4,1
0060,2025-12-06,21.2,1
0060,2025-12-09,10.7,1
0060,2025-12-12,8.3,1
0060,2025-12-15,12.8,1
0060,2025-12-18,11.1,1
0060,2025-12-21,7.2,1
0060,2025-12-24,NA,1
0060,2025-12-27,5.7,1
0060,2025-12-30,5,1
0065,2024-11-02,8.7,1
0065,2024-11-05,14.1,1
0065,2024-11-08,6.6,1
0065,2024-11-11,3.3,1
0065,2024-11-14,3.9,1
0065,2024-11-17,12.2,1
0065,2024-11-20,5.2,1
0065,2024-11-23,2.3,1
0065,2024-11-26,4.8,1
0065,2024-11-29,NA,1
0065,2024-12-02,NA,1
0065,2024-12-04,12,1
0065,2024-12-05,4.1,1
0065,2024-12-06,6.4,1
0065,2024-12-08,8.2,1
0065,2024-12-11,8.8,1
0065,2024-12-14,11.1,1
0065,2024-12-17,9.4,1
0065,2024-12-20,9.3,1
0065,2024-12-23,13.3,1
0065,2024-12-26,8,1
0065,2024-12-29,3.6,1
0065,2025-01-01,2.5,1
0065,2025-01-04,3.5,1
0065,2025-01-07,2.7,1
0065,2025-01-10,26.1,1
0065,2025-01-13,6.2,1
0065,2025-01-16,18.9,1
0065,2025-01-19,3.5,1
0065,2025-01-22,16.4,1
0065,2025-01-25,16.6,1
0065,2025-01-28,7.4,1
0065,2025-01-31,12.6,1
0065,2025-02-03,18.5,1
0065,2025-02-06,9.8,1
0065,2025-02-09,7,1
0065,2025-02-12,14.5,1
0065,2025-02-15,18.1,1
0065,2025-02-18,6.7,1
0065,2025-02-21,5.8,1
0065,2025-02-24,NA,1
0065,2025-02-27,15,1
0065,2025-03-02,4.6,1
0065,2025-03-03,10.5,1
0065,2025-03-05,7,1
0065,2025-03-08,4.6,1
0065,2025-03-11,8.4,1
0065,2025-03-14,20.7,1
0065,2025-03-17,4.5,1
0065,2025-03-20,6.8,1
0065,2025-03-23,8.6,1
0065,2025-03-26,13,1
0065,2025-03-29,6.7,1
0065,2025-04-01,3,1
0065,2025-04-04,6.1,1
0065,2025-04-07,7.5,1
0065,2025-04-10,9.2,1
0065,2025-04-13,11.2,1
0065,2025-04-16,6.9,1
0065,2025-04-19,9.6,1
0065,2025-04-22,7.1,1
0065,2025-04-25,11,1
0065,2025-04-28,15.2,1
0065,2025-05-01,9.2,1
0065,2025-05-04,5.2,1
0065,2025-05-07,6.9,1
0065,2025-05-10,7.8,1
0065,2025-05-13,11.2,1
0065,2025-05-16,16.7,1
0065,2025-05-19,7.4,1
0065,2025-05-22,3.5,1
0065,2025-05-25,14.1,1
0065,2025-05-28,6.1,1
0065,2025-05-31,11.9,1
0065,2025-06-03,35.1,1
0065,2025-06-06,30.5,1
0065,2025-06-09,17.5,1
0065,2025-06-12,25.7,1
0065,2025-06-15,11.9,1
0065,2025-06-18,16.5,1
0065,2025-06-21,19.5,1
0065,2025-06-24,29,1
0065,2025-06-27,15.4,1
0065,2025-06-30,15.8,1
0065,2025-07-03,21.5,1
0065,2025-07-06,16.8,1
0065,2025-07-09,18.7,1
0065,2025-07-12,24.2,1
0065,2025-07-15,43.2,1
0065,2025-07-18,0.5,1
0065,2025-07-21,16.4,1
0065,2025-07-24,27.5,1
0065,2025-07-27,14.5,1
0065,2025-07-30,18.8,1
0065,2025-08-02,12,1
0065,2025-08-05,30.1,1
0065,2025-08-08,21.7,1
0065,2025-08-11,27.3,1
0065,2025-08-14,23.7,1
0065,2025-08-17,11.4,1
0065,2025-08-20,6.2,1
0065,2025-08-23,14.9,1
0065,2025-08-26,6.7,1
0065,2025-08-29,6.3,1
0065,2025-09-01,7.7,1
0065,2025-09-04,12.5,1
0065,2025-09-07,8.7,1
0065,2025-09-10,14.7,1
0065,2025-09-13,16.5,1
0065,2025-09-16,17.7,1
0065,2025-09-19,14.4,1
0065,2025-09-22,17.7,1
0065,2025-09-25,12.7,1
0065,2025-09-28,15.7,1
0065,2025-10-01,7.4,1
0065,2025-10-04,23.5,1
0065,2025-10-07,8.1,1
0065,2025-10-10,15.5,1
0065,2025-10-13,8.8,1
0065,2025-10-16,5.2,1
0065,2025-10-19,13,1
0065,2025-10-22,3.9,1
0065,2025-10-25,9,1
0065,2025-10-28,6.5,1
0065,2025-10-31,5.8,1
0065,2025-11-03,9.9,1
0065,2025-11-06,6.5,1
0065,2025-11-09,4.3,1
0065,2025-11-12,6.3,1
0065,2025-11-15,15.8,1
0065,2025-11-18,NA,1
0065,2025-11-20,24.5,1
0065,2025-11-21,15,1
0065,2025-11-24,14.4,1
0065,2025-11-27,3.5,1
0065,2025-11-30,7.7,1
0065,2025-12-03,16.7,1
0065,2025-12-06,20.5,1
0065,2025-12-09,8.7,1
0065,2025-12-12,11.2,1
0065,2025-12-15,14,1
0065,2025-12-18,18.6,1
0065,2025-12-21,8.1,1
0065,2025-12-24,12.4,1
0065,2025-12-27,6.2,1
0065,2025-12-30,5.8,1
0073,2024-11-02,2.9,1
0073,2024-11-05,5.3,1
0073,2024-11-08,5.3,1
0073,2024-11-11,2.5,1
0073,2024-11-14,2.5,1
0073,2024-11-17,6.2,1
0073,2024-11-20,3.2,1
0073,2024-11-23,1.7,1
0073,2024-11-26,4.9,1
0073,2024-11-29,5.5,1
0073,2024-12-02,7.8,1
0073,2024-12-05,2.7,1
0073,2024-12-08,7.3,1
0073,2024-12-11,NA,1
0073,2024-12-14,9,1
0073,2024-12-17,7,1
0073,2024-12-20,7.3,1
0073,2024-12-23,6,1
0073,2024-12-26,6.4,1
0073,2024-12-29,2.6,1
0073,2025-01-01,2.4,1
0073,2025-01-04,3.7,1
0073,2025-01-07,3.1,1
0073,2025-01-10,16.8,1
0073,2025-01-13,5.8,1
0073,2025-01-16,NA,1
0073,2025-01-19,2.2,1
0073,2025-01-22,9.5,1
0073,2025-01-23,10.7,1
0073,2025-01-25,14,1
0073,2025-01-28,5.2,1
0073,2025-01-31,5.3,1
0073,2025-02-03,13.1,1
0073,2025-02-06,7.2,1
0073,2025-02-09,7.7,1
0073,2025-02-12,11.7,1
0073,2025-02-15,8.1,1
0073,2025-02-18,6.9,1
0073,2025-02-21,5.3,1
0073,2025-02-24,9.1,1
0073,2025-02-27,12.6,1
0073,2025-03-02,3.6,1
0073,2025-03-05,3.8,1
0073,2025-03-08,3.8,1
0073,2025-03-11,5.3,1
0073,2025-03-14,8.8,1
0073,2025-03-17,3.4,1
0073,2025-03-20,4.8,1
0073,2025-03-23,4,1
0073,2025-03-26,3.9,1
0073,2025-03-29,12.5,1
0073,2025-04-01,1.8,1
0073,2025-04-04,4.2,1
0073,2025-04-07,6.5,1
0073,2025-04-10,7.9,1
0073,2025-04-13,5.5,1
0073,2025-04-16,4.8,1
0073,2025-04-19,9.5,1
0073,2025-04-22,3.7,1
0073,2025-04-25,5.8,1
0073,2025-04-28,NA,1
0073,2025-04-30,2.4,1
0073,2025-05-01,6.2,1
0073,2025-05-04,2.1,1
0073,2025-05-07,4.6,1
0073,2025-05-10,6.2,1
0073,2025-05-13,5.9,1
0073,2025-05-16,9.7,1
0073,2025-05-19,3.9,1
0073,2025-05-22,3.1,1
0073,2025-05-25,7.4,1
0073,2025-05-28,2.6,1
0073,2025-05-31,5.4,1
0073,2025-06-03,14.3,1
0073,2025-06-06,15.7,1
0073,2025-06-09,11.2,1
0073,2025-06-12,13.7,1
0073,2025-06-15,9.4,1
0073,2025-06-18,4.5,1
0073,2025-06-21,8.1,1
0073,2025-06-24,10.5,1
0073,2025-06-27,7.7,1
0073,2025-06-30,6.1,1
0073,2025-07-03,12.7,1
0073,2025-07-06,11.4,1
0073,2025-07-09,13.3,1
0073,2025-07-12,8.9,1
0073,2025-07-15,20.4,1
0073,2025-07-18,4.8,1
0073,2025-07-21,14.3,1
0073,2025-07-24,16,1
0073,2025-07-27,9.4,1
0073,2025-07-30,9.1,1
0073,2025-08-02,3.7,1
0073,2025-08-05,17.3,1
0073,2025-08-08,11.3,1
0073,2025-08-11,12.7,1
0073,2025-08-14,10.8,1
0073,2025-08-17,8.2,1
0073,2025-08-20,5.9,1
0073,2025-08-23,4.1,1
0073,2025-08-26,2.5,1
0073,2025-08-29,2.4,1
0073,2025-09-01,4.2,1
0073,2025-09-04,5.9,1
0073,2025-09-07,3.7,1
0073,2025-09-10,5.2,1
0073,2025-09-13,8.3,1
0073,2025-09-16,8.7,1
0073,2025-09-19,7.6,1
0073,2025-09-22,8.3,1
0073,2025-09-25,7.6,1
0073,2025-09-28,10.3,1
0073,2025-10-01,3.4,1
0073,2025-10-04,10.7,1
0073,2025-10-07,3.9,1
0073,2025-10-10,5.1,1
0073,2025-10-13,4.1,1
0073,2025-10-16,1.8,1
0073,2025-10-19,7,1
0073,2025-10-22,3,1
0073,2025-10-25,3.5,1
0073,2025-10-28,4,1
0073,2025-10-31,5,1
0073,2025-11-03,7.7,1
0073,2025-11-06,3.8,1
0073,2025-11-09,3.2,1
0073,2025-11-12,5.5,1
0073,2025-11-15,12.3,1
0073,2025-11-18,10.2,1
0073,2025-11-21,14.6,1
0073,2025-11-24,5,1
0073,2025-11-27,3.1,1
0073,2025-11-30,6.4,1
0073,2025-12-03,12.2,1
0073,2025-12-06,21.9,1
0073,2025-12-09,7.1,1
0073,2025-12-12,7,1
0073,2025-12-15,10.3,1
0073,2025-12-18,7.2,1
0073,2025-12-21,7.1,1
0073,2025-12-24,12,1
0073,2025-12-27,6.5,1
0073,2025-12-30,4.5,1
