site_x,site_y,n_overlap,slope,intercept,r2
20.2,11.1_32.1_18.2,79,0.04087692172895566,23.248943319141016,4.996268051080366e-5
24.1_1.2,7.2,12,-0.11901986865679609,7.2359576031406405,0.002045718299243904
28.1,11.1_32.1_18.2,174,-0.35416590396222464,19.164212874927767,0.01546121599281686
19.2,1.1,21,0.025928342005178705,2.847975157141532,0.02366051782871189
15.1,11.1_32.1_18.2,291,0.4237781833137753,10.862292723375385,0.029143090502959833
29.1,13.1_33.2,65,0.31790182262106637,9.16746446851594,0.034861961780610316
13.1_33.2,5.1_19.3_24.2,60,0.09181912093137033,10.628568524794078,0.03488028639772774
34.1_16.1,11.1_32.1_18.2,146,0.3638218766278772,16.139333765220986,0.036447625885777026
34.1_16.1,13.1_33.2,65,0.3142179394214373,9.121008859806457,0.03988676864502799
18.1_26.1,11.1_32.1_18.2,271,0.3327381656463803,10.547937347532363,0.04591075583609818
22.1,13.1_33.2,64,0.4086631757172316,8.29114183989925,0.051425837203625854
22.1,11.1_32.1_18.2,174,0.4841063355382729,12.618122328975918,0.060748250760217996
25.1,11.1_32.1_18.2,261,0.6407809350636167,8.832967269016914,0.06327111580636942
11.1_32.1_18.2,7.2,71,0.08602841426907093,6.951124792195663,0.07010290608379867
14.1,13.1_33.2,65,0.5061184793068375,6.595470775835282,0.07947320429965374
29.1,11.1_32.1_18.2,173,0.6929695897818685,11.163989984602502,0.0835892604856063
32.2,11.1_32.1_18.2,52,1.0855924269277077,22.120283435029293,0.09405053137586687
23.1,11.1_32.1_18.2,284,0.6161513098569587,7.623131185333552,0.09533709959188187
31.2,11.1_32.1_18.2,72,1.1173557400013212,20.71477903950991,0.10337438242554069
14.1,11.1_32.1_18.2,170,0.7125670319159718,11.316922913146392,0.10379346349041242
11.1_32.1_18.2,9.1_17.2,220,0.15498488063362367,7.960370612421288,0.11114687707050701
12.1_5.2,11.1_32.1_18.2,200,0.45848596610249814,6.438290081460433,0.1140913561561643
11.1_32.1_18.2,8.1_34.2,260,0.1858885938498944,6.65180008786996,0.11674434970881592
31.2,24.1_1.2,11,0.2995406101063747,0.8222609361389118,0.1236389516079927
11.1_32.1_18.2,2.1,272,0.16248566141586684,6.531614992646412,0.12394364130234446
21.1,11.1_32.1_18.2,287,0.8875906610959653,6.012421450562802,0.1335582358397316
35.2,11.1_32.1_18.2,60,1.5854535479216805,19.250323761949726,0.1366524664348593
11.1_32.1_18.2,7.1_4.1,287,0.1940999864557498,7.192588038208361,0.1370223277819431
11.1_32.1_18.2,3.1,293,0.13466819277503786,5.505502868722692,0.13881745369637602
28.1,13.1_33.2,185,0.5102863750302304,7.290272704533425,0.14341079344080573
29.1,19.1,10,0.37479250731862906,3.9663680106737735,0.15183034692411185
13.1_33.2,11.1_32.1_18.2,138,0.6498955400007936,6.942101198127129,0.1525831776745796
9.1_17.2,1.1,135,0.39435504684806055,3.8522489576800862,0.155025282169575
11.1_32.1_18.2,5.1_19.3_24.2,108,0.14969612153776513,8.323261728503642,0.15948584601006907
18.1_26.1,13.1_33.2,204,0.38746319167695326,6.76925776571334,0.15972847424132117
11.1_32.1_18.2,9.2,58,0.08165508866483419,4.20392202812962,0.16515394561112226
22.1,19.1,12,0.6891939998809874,3.121316677831016,0.16806099922987733
28.1,9.1_17.2,184,0.45873955811401684,7.463417930831111,0.2020085934945537
13.1_33.2,3.1,224,0.2753112450841219,5.624142744750621,0.21066208436661862
25.1,13.1_33.2,194,0.6255500181841686,5.186377754950054,0.21510341327368876
20.2,13.1_33.2,26,1.2328986018207722,10.311386428918079,0.22499095030230762
15.1,13.1_33.2,218,0.8418907043229352,4.66544523361792,0.23065413167808352
29.1,1.1,56,0.12120782566720618,1.4686795135319044,0.23412651520203756
21.1,13.1_33.2,217,0.7585729333519571,3.7985527176083784,0.2581876977695244
28.1,21.1,274,0.43289952799924003,6.038264969090239,0.2653169628465205
28.1,18.1_26.1,261,0.7122651147272042,6.007336904476884,0.2675255642979184
28.1,7.1_4.1,269,0.6369471071495999,5.899108893329995,0.27925148158534807
13.1_33.2,9.1_17.2,146,0.3878731028998808,6.332560257396748,0.28152934051987405
14.1,1.1,56,0.13967488533960354,1.2785202145249215,0.2827344906145439
22.1,1.1,56,0.14045200485614,1.2320359729951509,0.29070229930820496
23.1,13.1_33.2,217,0.6172861927582636,4.213688809313066,0.2982757023514958
28.1,3.1,275,0.4012590614987306,5.063178901366551,0.2983610005676757
3.1,1.1,160,0.6932544115652295,1.7122242878756857,0.30248513118186016
29.1,20.1,15,0.1914473815061782,3.155166497168275,0.3047937276930222
13.1_33.2,8.1_34.2,209,0.4996063726294172,4.707364492692389,0.3105595940838709
19.1,18.1_26.1,141,0.8226957400257271,3.1536390994662047,0.31146792664055323
13.1_33.2,2.1,194,0.384932062046264,4.97166751061954,0.31815101615576313
13.1_33.2,12.1_5.2,163,0.6142817894962326,4.357520745626078,0.318677951452964
24.1_1.2,13.1_33.2,172,0.5968055863820398,4.083618144411954,0.327728472494751
5.1_19.3_24.2,1.1,56,0.15424873032231953,1.2209539958149647,0.33459971501553903
12.1_5.2,1.1,148,0.5893267220168971,1.5414556408070776,0.33694452137638164
33.1,20.2,17,0.3328977991939875,4.142526026750701,0.33917509490199355
21.1,1.1,160,0.6255924449059044,1.3695181316293055,0.3405223124434601
8.1_34.2,1.1,160,0.6250609040977709,1.4156774984293015,0.3538625833560239
24.1_1.2,1.1,160,0.6771609309635133,1.4704110615343167,0.3588052112488373
2.1,1.1,144,0.6423807622077581,1.506838916880871,0.36183205228331977
25.1,1.1,152,0.6483169946318821,1.1806843707143992,0.3644645538809629
11.1_32.1_18.2,1.1,69,1.0408981446704424,0.4447516132344818,0.36770322432893904
28.1,24.1_1.2,196,0.49466328019637373,4.166599428309334,0.37955850137207703
32.2,13.1_33.2,38,1.4517916382114593,3.0066376412296343,0.38138120317738783
35.2,13.1_33.2,35,1.733924523442217,4.640468837700333,0.3842495514919623
23.1,1.1,155,0.5526600666625942,1.633904392709432,0.39794502688577554
20.2,2.1,89,1.059450363382488,1.2252610713670453,0.40485210986309583
28.1,25.1,238,0.5258879799260797,5.5607106865022375,0.4144498066373528
28.1,23.1,270,0.6475480081094341,5.45569598450841,0.427048298929378
15.1,7.1_4.1,402,0.90017678573556,4.06073231502,0.4288934547323561
19.2,7.1_4.1,55,0.43394073694567936,5.690766066946602,0.42989395208574904
20.2,7.2,67,0.992327473146239,2.6143412290570973,0.43333791637138946
13.1_33.2,9.2,38,0.19501793090088917,4.210414726802695,0.4354441154344736
19.2,18.1_26.1,53,0.481951528227515,6.8622557130474755,0.43655724910546917
7.1_4.1,1.1,154,0.6952630480444795,0.8524965177206147,0.437975855319892
28.1,12.1_5.2,216,0.5679094727490206,4.755258907578217,0.43807775169915814
34.1_16.1,19.2,52,0.7611233678130475,4.1685442142609785,0.4387780534677617
18.1_26.1,7.1_4.1,370,0.5834611015519674,3.7701692134007474,0.4403505985787489
31.2,13.1_33.2,38,1.5942919921975716,1.8210224812490319,0.4555272359487166
24.1_1.2,11.1_32.1_18.2,205,0.7584995307114792,2.8081381455940586,0.455901058694169
18.1_26.1,15.1,370,0.4296087046049571,2.1234463756380855,0.4623523174244114
13.1_33.2,7.1_4.1,214,0.6625063903612782,3.81305431134336,0.46271871928890246
34.1_16.1,20.2,89,0.3885082914267042,2.4948922571810948,0.4649924554326607
33.1,1.1,30,0.1431579082960503,0.9854968128780465,0.4753675382957568
18.1_26.1,1.1,132,0.6626553822232123,1.2827813435471227,0.47714022882020357
33.1,11.1_32.1_18.2,55,0.6796005380793047,2.526706850411984,0.477538698602601
13.1_33.2,7.2,38,0.36450178410749007,4.604682160912735,0.492567629831181
22.1,20.2,88,0.4427277824765186,2.242373872148619,0.5044816247231666
25.1,18.1_26.1,343,1.0338479070516713,2.01368886731258,0.5095274089901478
22.1,7.1_4.1,228,0.6815931215564859,3.145515348534106,0.5129209052573281
34.1_16.1,7.1_4.1,200,0.6588193368410048,3.3304060807691322,0.51333822844872
8.1_34.2,7.2,49,0.909524819477328,1.6681442888249873,0.5172682726354255
25.1,20.1,128,0.5106196500305519,3.859770512299168,0.5182794943915269
27.1,19.2,24,1.3503880369931531,-1.1271733152056755,0.5221877081582419
30.1_17.1,13.1_33.2,111,0.6637389184313516,4.305977185585812,0.5233583825601866
23.1,18.1_26.1,376,0.8843370373804358,2.2267704295783113,0.5298931722991845
27.1,1.1,118,0.8080395217005416,1.6316680071468552,0.5320738888068005
28.1,2.1,264,0.6343030179963359,3.892912154109644,0.5337812596081384
20.2,18.1_26.1,89,1.3257351639004042,1.4244103271898356,0.5338730933864849
25.1,20.2,89,0.7159592485715314,0.7946066096860437,0.5360550434981739
15.1,9.1_17.2,313,0.9109763867814054,4.568869700285549,0.5364639777822834
27.1,18.1_26.1,169,0.9553463087011753,2.596753165241247,0.5368515240949712
12.1_5.2,7.2,35,0.9053702914712419,2.1841554818950426,0.5371484269893786
25.1,19.1,141,0.7651098570986911,2.563208131511389,0.5407395939495233
20.2,7.1_4.1,89,1.16453405356062,2.0304601205929185,0.5418511884698869
33.1,7.1_4.1,83,0.6903129922311028,3.979018065375517,0.5429634255028672
28.1,8.1_34.2,240,0.6389548088348229,4.048151046428989,0.5489283353008724
15.1,1.1,154,0.9068986051296319,0.04519955316744701,0.5558056548809697
18.1_26.1,12.1_5.2,289,0.6118768111901973,3.2283090501721974,0.5589259526744434
7.1_4.1,3.1,412,0.5362097676653997,2.645381554440215,0.564144784273787
14.1,7.1_4.1,224,0.7820302695587309,2.59588247832172,0.5666876709969659
18.1_26.1,3.1,380,0.4732016207250757,2.7930442394918855,0.568709178085523
19.2,15.1,58,0.5122623452117685,2.0763350757114676,0.5720530407155594
19.2,13.1_33.2,12,0.07902542946435018,2.2813546457292775,0.573003152111305
22.1,19.2,58,0.906466908236624,2.7142245360167143,0.5815158720762093
24.1_1.2,18.1_26.1,285,1.1457184246546916,1.8142920055028315,0.5821741890574138
34.1_16.1,1.1,52,0.16297881283916568,0.5020631602219519,0.5838287245845146
20.2,12.1_5.2,40,0.8471759714516897,1.6857694660400373,0.5839175141561759
19.1,13.1_33.2,132,0.816497998168021,2.6718892859153853,0.5864335116472565
33.1,28.1,33,0.13759927711153233,1.5567955042382997,0.5878136025587957
18.1_26.1,8.1_34.2,345,0.5455939147795278,3.217598753794122,0.5893089677222403
33.1,19.2,32,0.960611174885169,3.5406052905957552,0.5896928498128224
22.1,20.1,16,0.4339512343003396,1.8568001814275994,0.5925610886720838
21.1,18.1_26.1,379,1.1189535373617718,0.9637089459398751,0.5934816934918407
7.1_4.1,5.1_19.3_24.2,162,0.5996276535847648,3.8032448117891917,0.5958206162036469
25.1,24.1_1.2,287,0.7381332512872176,1.9609563449052823,0.5975195561306118
21.1,7.1_4.1,409,0.9742140534065351,1.2349819843924275,0.5982961789743843
20.2,14.1,89,1.1717230051830465,1.1595731907613087,0.5984278753845997
25.1,7.1_4.1,373,0.9149312105840985,1.871748483832159,0.6013827970635843
19.2,9.1_17.2,58,0.5385152978847183,5.642720552318235,0.6017665195066567
20.2,5.1_19.3_24.2,37,0.9058853826157444,2.463946319422031,0.6033174585400245
7.1_4.1,2.1,391,0.6761321639074436,2.3946057730633825,0.6053720952704518
18.1_26.1,2.1,357,0.5919543382877241,2.494069542425992,0.6058721294873463
25.1,15.1,373,0.7565520342549614,-0.056022261569086095,0.6081345104011094
23.1,15.1,402,0.5999344574686244,0.7938562083262521,0.6082432853180059
34.1_16.1,15.1,210,0.4989668282770013,-0.08938521507664422,0.6103372118971573
24.1_1.2,20.2,20,0.5663170279790105,2.0020462707642683,0.610338518378411
24.1_1.2,19.2,49,1.3043897964494935,1.037830856307568,0.6120178793089648
9.2,7.1_4.1,71,1.8181092479143988,-0.901269474774774,0.6123778380958437
23.1,19.1,160,0.6634688216973378,2.720139178393089,0.6131777600720569
30.1_17.1,21.1,134,0.6045556929824228,3.1783923510085956,0.6132032250753368
23.1,20.1,141,0.5014303518172091,3.3903316159863413,0.6170319220967438
20.1,13.1_33.2,119,1.0171897320960477,1.759982930249977,0.6191365570569521
30.1_17.1,19.1,109,0.8458927518575067,1.7376657461007181,0.6211703776643139
25.1,3.1,383,0.7236825150251853,1.5511226291165627,0.6224701558639322
20.2,15.1,89,0.37611862837035137,1.3262652101271413,0.6229004329298331
33.1,2.1,77,0.7685844024991327,2.398055872485159,0.6263526576417556
32.2,7.1_4.1,65,1.2869528931508434,-1.531228424335072,0.6283745498921106
12.1_5.2,7.1_4.1,313,0.7694759206507608,2.400430228111978,0.6310096448602578
27.1,13.1_33.2,130,0.7482387364017908,3.7983957704476747,0.6320442000995581
19.2,2.1,55,0.5629227749300673,4.0878283299452916,0.6337096836877392
20.1,7.1_4.1,143,1.1965197591611372,-0.07804854968233713,0.6352266257302839
35.2,7.1_4.1,73,1.558196771377487,-0.43319113985310903,0.6355809643914688
20.1,14.1,12,1.5954658159623298,-0.8123469140285334,0.636428494209839
29.1,7.1_4.1,227,0.8840314759641099,1.2837409454673492,0.6371203279706454
29.1,19.2,58,1.131158380119687,0.4165572726352747,0.6380172845479273
19.2,3.1,58,0.47307644788757824,3.2432979698306412,0.6383173110219095
25.1,7.2,84,1.3301006516775697,-0.9343761557324524,0.642581520450709
25.1,21.1,382,0.8158374001287669,2.036841528449084,0.6439151751927962
7.2,2.1,84,0.60211524575117,1.8229264924062059,0.6446138133766874
7.2,5.1_19.3_24.2,39,0.5737083432403204,2.770642466637937,0.6462476143279189
29.1,15.1,237,0.610391035689015,-0.5854144780117563,0.6462547103852476
23.1,7.1_4.1,402,0.8622845220115618,1.3101132996242553,0.6486216948199611
19.2,8.1_34.2,58,0.511828622857181,4.469639126582999,0.6526281199258537
34.1_16.1,23.1,202,0.6345024900940726,3.3162747576163714,0.6545747625727293
29.1,20.2,89,0.5491004022858902,1.3665694063688565,0.654821963945479
7.2,3.1,84,0.5551630997246292,1.7642788427997147,0.6567354041245332
19.1,11.1_32.1_18.2,116,0.5076338143454037,2.570206051695517,0.6570915617715093
20.1,9.1_17.2,104,0.8838963170214688,0.35626186961350836,0.6575077385969067
35.1,1.1,47,0.18901096866338116,0.34475096369831976,0.6575457423587094
27.1,19.1,140,0.8501150515171959,2.4383953291144698,0.6587003360535583
27.1,20.1,127,0.6013082801224096,3.4864073854848163,0.6594222244361256
19.2,12.1_5.2,41,0.6194913913641289,5.198378215871755,0.6600693708464194
31.2,20.2,68,0.6132463915869125,0.830351664914947,0.6620277928004561
30.1_17.1,3.1,135,0.5228600314772947,2.8321897841709447,0.6635763636292987
33.1,12.1_5.2,67,0.8679699159950988,3.994030876877975,0.6653728885548256
28.1,20.2,73,3.7370680576433526,-3.243063383452796,0.6666407722785562
30.1_17.1,24.1_1.2,134,0.6280622941894158,2.23351449593636,0.6666937926944303
19.1,9.1_17.2,93,0.6714504387053775,0.8965712693798219,0.6675636429725694
25.1,19.2,58,1.6560200416635071,-2.2634072582874474,0.6678048567903182
19.2,5.1_19.3_24.2,57,0.5081761342550724,4.303182501182493,0.6687169501273743
28.1,19.1,121,0.6961520318433967,1.7649554054192407,0.6708556140841266
35.1,11.1_32.1_18.2,36,0.8875943284108037,-0.13657137515171477,0.6712509390893198
25.1,2.1,354,0.9452971956335563,0.7769617048540557,0.6717211743367225
33.1,5.1_19.3_24.2,83,0.6849488567571608,3.829899965471959,0.6731390142764057
15.1,5.1_19.3_24.2,170,0.9010089832777356,4.932017533086466,0.6740693765707173
25.1,12.1_5.2,286,1.0085509283177385,0.896720786137604,0.675469719980649
19.2,14.1,58,0.6388852417940927,3.6300187580164756,0.6759643592543678
29.1,7.2,84,0.9609603995304205,0.8217410771672556,0.6766544567730334
20.2,9.1_17.2,85,1.2763063987975092,1.5623570981855712,0.677232509052235
32.2,20.2,48,0.5901788539967676,1.1400938026576144,0.6785099538216257
19.2,11.1_32.1_18.2,48,0.4999325922308602,3.432541261163617,0.6803026258729743
28.1,7.2,84,6.220887162964828,-6.364563339257945,0.6803929312388418
20.1,11.1_32.1_18.2,82,0.6704448259252511,2.081379263594837,0.6826227065750576
18.1_26.1,7.2,84,0.9338844827722599,0.9363035371848674,0.6826772101875503
20.2,3.1,89,0.9703691823017202,0.5403132074374326,0.682825356764759
21.1,19.2,58,1.310879578615017,-0.2926512675711776,0.6833485094421147
9.2,7.2,65,1.3986224380155456,0.8118754208669081,0.6839944288235301
15.1,8.1_34.2,381,0.948518248722869,2.8109200620658563,0.6840474983995497
35.1,2.1,71,0.9520085823980765,0.4361541033691049,0.6840594759542244
15.1,7.2,84,3.1463969883057015,-2.29131826150525,0.6863600988803752
34.1_16.1,33.1,93,0.6872513920802797,1.4279439076168028,0.6870805013402972
23.1,20.2,86,0.6000717928477022,1.1052880090416797,0.6880376394118681
30.1_17.1,20.1,118,0.5965864494389893,3.1777868392479536,0.6881479189880375
33.1,13.1_33.2,27,0.1540098277073045,2.14888361304191,0.6886675204324966
31.2,7.1_4.1,85,1.2842824800926562,-1.3095322499090558,0.6892360770609262
34.1_16.1,7.2,84,1.0089005597565164,0.4404412870392285,0.6908121032043425
33.1,3.1,93,0.7567203908933744,1.6524776635042298,0.690831837038554
19.1,2.1,148,0.759269702053886,1.5486180764805142,0.6912239490200272
28.1,15.1,267,0.5874141756152703,2.428758401434724,0.6915224283989353
35.1,7.1_4.1,77,0.7322682308839878,2.62709278715054,0.6926124692258145
15.1,12.1_5.2,313,1.09950508618026,2.163707557003004,0.6937574270095362
22.1,15.1,236,0.566739304101092,-0.24408283278628706,0.6970287110594178
15.1,3.1,416,0.8602608519279985,2.2493595737800796,0.6982174145212289
19.1,7.1_4.1,162,0.7979283645954444,1.8048066498375057,0.6987377696809884
30.1_17.1,11.1_32.1_18.2,67,0.587813262766976,2.466989935350358,0.699571050698538
8.1_34.2,7.1_4.1,377,0.8949790386569504,1.4919487150914006,0.6998553714264892
27.1,3.1,194,0.6484405878977884,2.332217020973054,0.6999332173596402
15.1,2.1,381,1.0017486167717011,2.3147725780749573,0.7003682523585517
21.1,15.1,409,0.7381205946588857,-0.010687256421972454,0.700831262308522
30.1_17.1,12.1_5.2,127,0.7237060823977374,2.397086702116643,0.7047637413500314
30.1_17.1,27.1,107,0.8285539233860773,0.9837163302609171,0.7053217664925902
30.1_17.1,25.1,106,0.9005660220000307,0.9900200413020732,0.7057815738704355
21.1,7.2,84,1.05731436222355,0.4006767178287398,0.7060114815655989
35.2,20.2,59,0.73908931926921,1.2830254691778264,0.7064015184295303
27.1,24.1_1.2,193,0.7034195468110884,2.3288569519881244,0.7066850962585085
30.1_17.1,1.1,102,0.9292298345717722,1.2427049349047876,0.7089877524163848
9.1_17.2,7.1_4.1,313,0.8894822216697441,1.4599832904179446,0.7096623753117282
24.1_1.2,7.1_4.1,314,1.0060871410182224,1.4647341820189135,0.713327652332566
23.1,3.1,412,0.6452902891442617,1.4072293766899775,0.7141358654786578
25.1,9.1_17.2,323,0.9640934637111183,1.362442910857268,0.7159905601643524
23.1,12.1_5.2,316,0.8848968336035922,0.8768045354284859,0.7162979702971095
14.1,7.2,84,1.010399936144253,0.4221785170988342,0.7169125254499128
35.1,19.2,30,1.3470397447658293,0.20536719139549428,0.7209720731973633
15.1,14.1,234,1.1715625612712521,3.7772823835613356,0.7222873389516696
23.1,22.1,230,1.0242076037774432,0.3000674707989483,0.7251422346295133
27.1,21.1,193,0.7363316134829196,2.6030805534684256,0.726350806953395
33.1,23.1,88,0.8628631009556216,2.6143869151415298,0.7279959029414836
27.1,7.1_4.1,194,0.8965529219893766,2.02269880179554,0.7296462827971797
30.1_17.1,15.1,127,0.7482976085423836,1.5094655296150938,0.7319664997144958
20.2,9.2,54,0.813573469748233,0.9704388336774468,0.733859641593297
25.1,8.1_34.2,348,0.8967157789854041,1.30004189512757,0.7351475359944004
34.1_16.1,25.1,210,0.5398565465435892,3.006272104846591,0.7357538269902241
22.1,7.2,83,0.99339128944098,0.7689328521685029,0.7378401330175167
24.1_1.2,23.1,319,1.055167711040854,1.6141158146757517,0.73799793085881
33.1,22.1,93,0.8592811678944696,3.4237319852926063,0.738976898016456
34.1_16.1,3.1,210,0.6328521871938547,1.414686667677847,0.7392213741681938
33.1,18.1_26.1,81,1.1031037835660757,2.6420471266410526,0.7430985948712184
23.1,21.1,411,0.7297674560424188,1.778467103143224,0.7462772329789177
24.1_1.2,15.1,314,0.8087557612275486,0.7315185066850142,0.7467000602648863
33.1,25.1,93,0.6628619898376631,3.2450968854996756,0.7469659620982111
33.1,15.1,93,0.436782899202951,1.0870899943421732,0.7470264758391513
35.1,15.1,87,0.4943943125115638,0.6365996205336203,0.7487120728997722
27.1,11.1_32.1_18.2,124,0.67460950138856,2.163552281476073,0.7511084160281218
30.1_17.1,23.1,135,0.995030536797986,0.8860465894771629,0.7511264694395807
35.2,7.2,67,1.230879762710274,0.8569324293635823,0.7522766532868012
19.1,3.1,166,0.5887527122496052,1.8344834908349128,0.7560831676879083
27.1,15.1,184,0.8456528462981726,1.3352802277106297,0.756324744617595
18.1_26.1,5.1_19.3_24.2,150,0.6664280914070748,1.9600569006478419,0.7580123362504976
9.1_17.2,7.2,80,0.9115975094718303,0.6545532259136716,0.7586552693580145
23.1,2.1,383,0.8725200005768502,0.33192879873206516,0.7603695404597431
31.2,7.2,79,0.9937033309201931,0.27593932851058295,0.7616790994284008
33.1,24.1_1.2,75,0.8251386411385428,1.7007510488638993,0.7619286790428211
23.1,8.1_34.2,377,0.7766853350694023,1.4941564687225641,0.7647974826847737
34.1_16.1,8.1_34.2,175,0.6771507755099305,2.249248906621338,0.7650870681545847
34.1_16.1,5.1_19.3_24.2,150,0.6586525574060539,2.5326845899719133,0.7652347689702728
23.1,9.1_17.2,315,0.8361004601777279,1.4137100878156306,0.7713272417304922
24.1_1.2,19.1,158,1.0892503631826673,0.8598560005892976,0.7717402453654478
21.1,20.2,89,0.689911125967651,0.6889506997726751,0.7739162832723303
13.1_33.2,1.1,95,0.9347649199305298,0.38103392328010205,0.7741579095215602
34.1_16.1,21.1,210,0.6912423094336815,2.2313535751687494,0.7749298404598578
20.1,19.1,123,1.1535904333231577,0.14504995517596708,0.7768702785404599
9.2,5.1_19.3_24.2,39,1.100176979751315,0.5916107707372699,0.7791809181094058
7.2,7.1_4.1,84,1.2116762242039805,-0.6773962763722752,0.7801717386203824
27.1,8.1_34.2,194,0.8521337074887825,1.8910711461471235,0.7804000713170411
33.1,8.1_34.2,93,0.8341713898863511,2.455357259964788,0.7826935790331867
12.1_5.2,5.1_19.3_24.2,115,0.6783551175489203,2.517309937870984,0.7836357592159768
27.1,9.1_17.2,138,0.8536681270285724,0.9653222710973427,0.78546744461114415
23.1,7.2,82,1.115093606156328,-0.1548584925302153,0.7859021202374311
20.2,8.1_34.2,67,0.9836643529464396,1.278404772884174,0.7859679017504665
25.1,22.1,238,1.3275996816624585,-1.076831018521116,0.7865945029232616
19.1,8.1_34.2,166,0.7933506381719808,1.381551142721201,0.7866046015557911
23.1,9.2,68,0.6698189174950728,0.4598347770920021,0.7867651373723153
21.1,2.1,390,1.001005038290723,0.010689625579642913,0.7872381621457057
30.1_17.1,2.1,128,0.7983879469459593,1.1766381634530088,0.7873592783524159
33.1,14.1,93,0.8801192553886388,2.2343271247914727,0.7920435306780036
35.1,27.1,13,1.5279255147748474,-5.1411249716411955,0.7922574491986948
25.1,23.1,375,1.0477962601181792,0.8481749469610362,0.7931635044823765
27.1,23.1,194,1.0035674431769914,1.8100781019640282,0.7933032326132767
30.1_17.1,18.1_26.1,129,0.9140332882110604,1.1096858106163014,0.7938000740916599
9.1_17.2,2.1,299,0.878235778957481,0.5627395800805799,0.7949961519557958
28.1,27.1,117,0.7435512208222602,0.46340581620609417,0.7961217133408879
35.1,5.1_19.3_24.2,84,0.8160732276861511,1.6932761966342649,0.7963889695808066
34.1_16.1,2.1,194,0.742859067518654,1.1641778963441038,0.8001773299007371
20.1,18.1_26.1,129,1.272969903766098,-0.8238814381575151,0.800605437288655
35.1,33.1,70,0.980318681068468,-0.296047444947988,0.8013867434357332
31.2,25.1,85,0.6164621910936084,2.018192884964943,0.80230077746424
9.1_17.2,3.1,323,0.7283174115149893,0.9053333925594992,0.8030658734049109
19.1,15.1,158,0.7438746325181751,1.196598947038844,0.8039145300135342
33.1,9.1_17.2,93,0.932769112155175,3.134056397658892,0.8040929380546649
22.1,5.1_19.3_24.2,169,0.697853937467411,2.2424546153305975,0.80635143368578
27.1,25.1,189,0.9033322471999243,1.599402106320183,0.8065481326684785
32.2,7.2,59,1.0582957361441367,-0.7209840328397229,0.8073359487195108
23.1,19.2,56,1.4708409064522965,-2.650567958969488,0.8087836546423961
22.1,3.1,238,0.7053601289022093,0.8760001289485458,0.8092669337245758
19.1,12.1_5.2,147,0.8035732561203581,1.5219896004934856,0.8098141418830823
34.1_16.1,24.1_1.2,116,0.6881465099357897,1.3166576683400768,0.8115788300955058
32.2,23.1,62,0.815490910851546,1.4363091792833196,0.8126027973613492
9.2,2.1,71,1.130207042628828,0.5417985352445772,0.8135180983345417
24.1_1.2,22.1,145,1.112681824108783,1.2541409069962126,0.8140085763454664
23.1,5.1_19.3_24.2,164,0.8492881611541867,0.7492347767363027,0.8142773917615165
12.1_5.2,2.1,307,0.834595680115255,0.965419571767356,0.8143270671544859
23.1,14.1,226,1.0097809420121586,-0.062391019393751926,0.8143942987964018
31.2,23.1,82,0.8198617466466024,1.113085336364621,0.8165373787284733
30.1_17.1,9.1_17.2,87,0.7549584979500077,-0.0823059961602959,0.8177535200505761
34.1_16.1,28.1,122,0.13908473356386186,1.2738021848276706,0.8220291983131267
12.1_5.2,9.1_17.2,232,0.8322384291899347,1.404178385060986,0.8233159979272054
24.1_1.2,8.1_34.2,324,0.9906815988475508,1.1911566747603315,0.8235162191622233
28.1,1.1,97,0.8842347997326893,0.1315325758845883,0.8240048884872511
24.1_1.2,9.1_17.2,232,1.021249245645327,1.017339637394988,0.8246219570576852
30.1_17.1,7.1_4.1,135,0.9916232818254705,0.3212814491470684,0.8249114936219882
27.1,12.1_5.2,176,1.0486265055962631,0.5079059768607069,0.8266183683767564
29.1,23.1,229,0.8558925951062273,1.353124501383217,0.8270031234191698
33.1,29.1,93,0.9080683976009151,2.52344901947529,0.8271299332509057
20.1,1.1,106,1.218118115101301,-0.4707242668889724,0.8275246734346866
31.2,2.1,85,0.778468549545036,0.3360243650489458,0.8276196730018156
12.1_5.2,8.1_34.2,304,0.8253700114176918,1.3535755194617258,0.8279191989532135
29.1,25.1,237,0.681007985930887,1.8295569058334304,0.8280003686347333
20.1,8.1_34.2,147,1.1076225265344908,-0.24726344988186394,0.8282895116415097
35.2,23.1,70,1.0188018367555314,1.629368416524346,0.8293941182308873
31.2,5.1_19.3_24.2,39,0.7602690029428729,0.6823831768823931,0.8302615575441884
8.1_34.2,5.1_19.3_24.2,154,0.833923196430544,1.4870792392158416,0.8306975269227029
20.1,12.1_5.2,126,1.064787557661259,0.26485258137281936,0.8307525712489875
22.1,21.1,238,0.7614765160718544,1.7741424349097943,0.8311042934861774
8.1_34.2,3.1,391,0.7859990932838051,0.6043404747616076,0.831181947393697
21.1,19.1,159,1.090741527521137,0.13144341660731454,0.8320185948994547
33.1,21.1,93,0.8717154823624089,1.9201171782966708,0.8331233876162293
22.1,9.2,70,0.6489678652990594,0.8337263118801119,0.8341558603623838
22.1,8.1_34.2,203,0.7570283530843455,1.6971286918382185,0.8346406117010567
29.1,9.2,71,0.6461686606289707,0.42251773484784116,0.8359238908991307
8.1_34.2,2.1,356,0.958552728516182,0.1606122365788048,0.8370806511715299
19.1,1.1,97,0.9189072272967869,1.3689775232298067,0.8375442578123721
24.1_1.2,12.1_5.2,282,1.1179787167565416,0.5750514182356091,0.8382176706545097
21.1,12.1_5.2,322,1.0811443095287623,-0.035638792902818954,0.8386054732759474
22.1,2.1,222,0.8008668847470504,0.8503189493741286,0.8390185769742109
21.1,9.1_17.2,323,1.0212859469081816,0.3449194134298001,0.839925249008434
35.1,23.1,82,0.9827674842230021,1.035272222694933,0.8399420001680649
12.1_5.2,3.1,323,0.7085967966625996,1.1429304351646778,0.8408817988010484
29.1,2.1,221,0.9222177781222934,-0.20174347616637392,0.8415149665891041
28.1,19.2,10,7.240790577337576,-2.3357643733947304,0.8419412953236115
21.1,8.1_34.2,384,0.9691513451679349,0.5546857276755739,0.8420923420341878
28.1,9.2,71,4.161731940385148,-4.306623199243401,0.8422206692656795
35.1,18.1_26.1,68,1.2555543292042046,-0.5492694855660819,0.8433253731248123
30.1_17.1,8.1_34.2,135,0.8206138655761456,1.2622776779278442,0.8435828137216121
21.1,20.1,140,0.8777998158856729,0.8764850547217244,0.8445302254453783
35.1,12.1_5.2,73,1.0156804797442283,0.8630860745335704,0.84494592142057
35.1,34.1_16.1,87,1.1396640598925265,0.2838414683362183,0.8470828622534249
25.1,14.1,234,1.290680453072187,-1.1781849735467882,0.848495078186872
9.2,9.1_17.2,71,1.4854576973036595,0.48702794284815387,0.849905108965352
35.1,25.1,87,0.7850575886952466,1.3897984686241556,0.8503769168847075
25.1,5.1_19.3_24.2,170,1.0859825295856949,-0.03495747916172545,0.8504434572127967
31.2,3.1,85,0.7172211391603259,0.38644697604077144,0.8505791615794983
9.1_17.2,8.1_34.2,288,0.8686531386449091,1.0127733912830963,0.8505817614562008
35.1,13.1_33.2,19,0.15698477632172006,1.6818281131054609,0.8515587894597586
29.1,3.1,237,0.8102677645540906,-0.15419508745185181,0.8516223172929906
27.1,2.1,182,0.9967153479527205,0.5557667398212219,0.8521777987310157
18.1_26.1,9.1_17.2,302,0.8108106707352253,1.0665131569006898,0.8526940869988762
31.2,12.1_5.2,38,0.7968286874496925,0.029940430156019503,0.8533449364037224
5.1_19.3_24.2,3.1,170,0.9174997013741019,-0.12479713499958177,0.8540461729396663
28.1,20.1,98,0.6552411540494554,1.6437768889807467,0.854879255410011
18.1_26.1,14.1,214,0.8474665858999977,0.6497396477858284,0.8565814634933057
14.1,5.1_19.3_24.2,170,0.7800648765953547,1.5137705590853812,0.8583376409192166
3.1,2.1,391,1.1690687006582026,-0.060420837095729305,0.8603147820310806
15.1,9.2,71,2.083712241502345,-1.4712796959714216,0.860955795743902
9.1_17.2,5.1_19.3_24.2,170,0.7841958355167373,0.8214476983437782,0.8611740344941454
29.1,12.1_5.2,154,1.0771592407948443,-0.7050425779545048,0.8612694716599502
29.1,28.1,122,0.14455326064396198,1.234716222574817,0.8614948034826767
9.2,3.1,71,1.0610977677264506,0.452807294426493,0.8626782635478307
35.2,9.2,68,0.7864892898436944,0.7561529636237665,0.8626786255038597
32.2,2.1,65,0.7988042694524713,0.27291268963187704,0.8638546538570161
34.1_16.1,27.1,24,0.6024981918194227,4.676523038288846,0.8646171599666806
29.1,5.1_19.3_24.2,170,0.8267437613138933,0.7292224705903481,0.8648310809705126
12.1_5.2,9.2,30,0.690536647307377,0.9088357999147579,0.8654646096655221
32.2,9.2,65,0.6389226552163063,0.44250960405876644,0.8660223031542484
29.1,18.1_26.1,217,1.0740417903057624,0.128303240056293,0.8680505665925947
34.1_16.1,9.1_17.2,206,0.8199749128897527,2.1214423783800505,0.8691209014943014
18.1_26.1,9.2,71,0.6314726577191744,0.6236202441417985,0.8695808706408144
34.1_16.1,29.1,210,0.7813340218892706,1.8275662945106141,0.8709904437111651
31.2,9.2,71,0.636480297261976,0.41671783405813184,0.8710179145189136
35.2,25.1,73,0.8033297899220694,1.753553688738521,0.8710915872289714
31.2,15.1,85,0.2814733038570203,1.1477755523576547,0.8721046463522878
34.1_16.1,12.1_5.2,130,0.9065308194680518,0.5444265198258649,0.8737151729153968
35.1,3.1,87,0.9364781427730261,-0.7209502354559273,0.8746581767911985
34.1_16.1,9.2,71,0.6791177731127194,0.2815186000579617,0.8756409460298674
22.1,12.1_5.2,155,0.9361803806709245,0.697666412533972,0.8757542012750851
29.1,22.1,236,1.046743872185035,-0.24695013741218394,0.875912172840768
28.1,5.1_19.3_24.2,71,5.224575458055074,-5.07910617376961,0.8768070463890736
14.1,9.2,71,0.6750528905865619,0.17452318053825377,0.8778154961542454
20.1,15.1,138,1.0178716672223231,-0.24789141610104423,0.8779539070911101
32.2,5.1_19.3_24.2,39,0.8014516600340617,0.015482943522570788,0.8798327987683062
34.1_16.1,14.1,210,0.8300824119221301,0.9890028620701231,0.881462244572814
5.1_19.3_24.2,2.1,156,1.0248898661570993,-0.09322654963122844,0.882301777968771
22.1,9.1_17.2,234,0.880998783758207,1.797857300727394,0.8838515414747945
35.2,29.1,73,1.126985077512344,1.1341071635428472,0.8840923983211602
35.1,8.1_34.2,87,0.9760948233305715,0.24058659671539573,0.8850056460227982
24.1_1.2,5.1_19.3_24.2,121,0.9214740261926225,1.5976145499549794,0.8850565552705334
14.1,8.1_34.2,199,0.8319499081143461,1.3111038592882847,0.8865463877372596
29.1,8.1_34.2,202,0.8772528743005785,0.5269265994036266,0.8868745297070064
20.1,2.1,128,1.1491827262546246,-1.0587842375547796,0.887968576831858
35.2,12.1_5.2,33,1.1227930845981158,-0.10417458353383717,0.8882895545171162
35.1,22.1,87,1.0137954135758498,0.8210960141281594,0.8883580124098401
28.1,14.1,122,5.698021926502307,-5.420874358810976,0.8888046900760544
25.1,9.2,71,0.9258692706375634,-0.5289617081653507,0.8888888899913461
32.2,8.1_34.2,30,0.7544510003515175,0.7718043552756063,0.8892278090034809
32.2,12.1_5.2,30,0.8721657815434384,-0.5511778188175166,0.889478109798101
14.1,2.1,218,0.8929871237255594,0.30765851949826767,0.8896874195890095
35.2,5.1_19.3_24.2,39,0.9797929093337445,0.5073539406809504,0.8902741085739114
24.1_1.2,20.1,139,0.9069924912611592,1.2440063400022217,0.8906341267475704
27.1,22.1,50,1.3947268710942573,-1.9065124689283968,0.8917105985372032
21.1,5.1_19.3_24.2,170,0.8871570152039682,0.779445154260344,0.8919014992671056
35.1,21.1,87,0.9895714910313251,0.04513778927394415,0.8975580139506031
14.1,3.1,234,0.7933703126181496,0.22351009943253208,0.8977117205670118
35.2,28.1,73,0.17391007607484246,1.3374236542641758,0.8985338928417881
14.1,12.1_5.2,151,1.018352987644754,0.3135151035600841,0.8988387572463025
35.2,34.1_16.1,73,1.0997271167604454,1.1519207736697006,0.8998974880514912
24.1_1.2,2.1,296,1.078929650194443,0.2182499388048727,0.9003270299740302
32.2,25.1,65,0.6542540294207173,1.4879788446489262,0.9007443724291948
35.1,24.1_1.2,79,0.9506838613102115,-0.35827109456934253,0.9008786241090996
30.1_17.1,28.1,114,0.97437117035375,1.5964711845665178,0.9009896170897426
22.1,18.1_26.1,218,0.9664789304697166,1.0472576950409116,0.9012493497309113
35.2,31.2,73,1.176151355801428,0.9319732262727505,0.9018823219749852
34.1_16.1,22.1,209,0.8896097182928557,0.6372241738512493,0.9026847902772328
31.2,28.1,85,0.14286268940854116,1.2340239097165757,0.9040662052443775
31.2,8.1_34.2,50,0.8099303586942487,0.4902713106738698,0.9040846038757013
35.2,22.1,72,1.1269229493947617,0.47645456317949225,0.9042737401382188
28.1,22.1,121,5.710299932095004,-5.800297221197905,0.9047826392183344
35.2,9.1_17.2,71,1.2991874711635993,0.44597304184208614,0.9065519134450445
21.1,9.2,71,0.7105300034602389,0.174074555368867,0.9067585293707698
9.2,8.1_34.2,36,1.1165146721602552,0.8054891671219736,0.9083835108118268
35.1,28.1,26,0.17919518126781472,1.0129931540941217,0.909349113778445
21.1,14.1,234,1.0696588278095118,-0.19046658094672198,0.9101418168081222
35.1,29.1,87,0.9991092556218077,0.6393063568059784,0.9102437334002678
35.2,2.1,73,1.0030280417327395,0.4080460453061696,0.910700004696129
35.1,14.1,87,1.0235941369377364,0.007637396895495415,0.9108954081306707
32.2,15.1,65,0.29121586399006927,1.0764860233847322,0.9109125802080014
21.1,3.1,419,0.8657213980273761,0.006613746977969627,0.912020979167102
32.2,29.1,65,0.9264572460904824,0.6593246704206452,0.9140686512299367
32.2,9.1_17.2,65,1.063536231441073,-0.09581807959249206,0.9159103415600566
35.1,9.1_17.2,87,1.089738807913657,0.4930179890226298,0.9163260102656391
29.1,9.1_17.2,233,1.0055577995276919,0.595905498371076,0.9163838531578076
34.1_16.1,18.1_26.1,190,0.9005240409216203,1.1440517783509485,0.9165224477925672
29.1,14.1,234,1.00650891561534,-0.3283534741663765,0.9173116423769582
32.2,28.1,65,0.1447034556583599,1.230055087971976,0.9173525222436195
24.1_1.2,14.1,140,1.1051580035906614,0.5635495595920582,0.9179952468721697
31.2,29.1,85,0.9334364227818325,0.42748809984787955,0.919059704174111
24.1_1.2,21.1,324,0.9804149444679315,0.9932990708427109,0.9194192563958022
32.2,3.1,65,0.7492009292517094,0.21443558616552727,0.9194726969640693
22.1,14.1,233,0.8994088536359537,0.6723770195722323,0.9198451158314376
29.1,21.1,237,0.8983710416116453,0.3837593773939024,0.9220957675587494
14.1,9.1_17.2,230,0.9605251395443534,1.3647882267792164,0.9243041526109533
34.1_16.1,32.2,65,1.0143650169641951,0.3444231469145397,0.9255814594950832
29.1,24.1_1.2,143,0.8832995272928534,-0.5132934922586597,0.9272976794647597
31.2,21.1,85,0.8799935453753936,0.4412751251199576,0.9282022085119316
31.2,14.1,85,0.9198210089671179,0.48307689890047634,0.9301106957701117
24.1_1.2,3.1,324,0.8998295027531308,0.46365977003463477,0.9304598127004743
35.2,21.1,73,1.0902391201655717,0.8929168546886451,0.9305842332781983
27.1,14.1,45,1.2910912491609354,-1.4708813063624386,0.932530903356364
31.2,9.1_17.2,81,1.0606094244899686,-0.1452093955842715,0.9348380726456881
35.2,8.1_34.2,41,0.9669693882119883,0.9915797911275676,0.9368458100126423
35.2,18.1_26.1,73,1.207035462872189,0.493377619371499,0.9403596948740763
32.2,22.1,64,0.9396725490313624,-0.29101438191006523,0.9418382802840741
29.1,27.1,48,0.8594188205393155,0.3129887864490246,0.9445173851997037
34.1_16.1,31.2,85,1.0339335114546626,0.024385753292484685,0.9454630648761139
35.2,3.1,73,0.9357962450022723,0.3995296959913004,0.9456077887371953
32.2,31.2,65,0.9848304849434126,0.11886062227086253,0.9456911744587057
20.1,3.1,147,0.8615700902939794,0.29618453054838334,0.9459570482586456
32.2,21.1,65,0.8981379712792377,0.34390414945543224,0.9488950431293591
35.2,14.1,73,1.1428722148644053,0.9189225692404216,0.949136459086063
35.2,15.1,73,0.36465341559933856,1.1376657560759278,0.9516090937616222
31.2,18.1_26.1,85,0.9808325429226948,-0.010738950351180186,0.9517137423000116
31.2,22.1,84,0.932369287143877,-0.10101004296438228,0.9517365626831921
32.2,14.1,65,0.9292077528432453,0.5596208508340382,0.9538646882976874
32.2,18.1_26.1,65,0.9942447194590558,-0.17711296431330573,0.9542394807759156
35.2,32.2,62,1.2062877289304523,0.7322169185832101,0.9566830496239165
27.1,5.1_19.3_24.2,41,1.0082353487125633,0.21718633391942688,0.9646342053679542
